timestamp,implementation,seed,use_static_synapses,use_exp_luts,N,g,p_conn,rate_ext_input,neurons_per_core,poisson_generators_per_core,t_sim,core_count,mean_core_activity_percent,sum_core_activity_percent
20260924_093752,builtin,100,False,,128,10.0,0.1,50.0,32,32,1000,10,2.8888,28.887999999999995
20260924_093811,nestml,100,False,True,128,10.0,0.1,50.0,32,32,1000,10,3.52096,35.20960000000001
20260924_094013,builtin,100,False,,128,10.0,0.1,50.0,32,32,1000,10,2.88872,28.887200000000004
20260924_094031,nestml,100,False,True,128,10.0,0.1,50.0,32,32,1000,10,3.5373599999999996,35.373599999999996
20260924_094243,builtin,100,False,,128,10.0,0.1,50.0,32,32,1000,10,2.8892800000000003,28.892799999999998
20260924_094302,nestml,100,False,True,128,10.0,0.1,50.0,32,32,1000,10,3.5553999999999997,35.554
20260924_094502,builtin,100,False,,128,10.0,0.1,50.0,32,32,1000,10,2.8895600000000004,28.895600000000005
20260924_094521,nestml,100,False,True,128,10.0,0.1,50.0,32,32,1000,10,3.53456,35.3456
20260924_094720,builtin,100,False,,128,10.0,0.1,50.0,32,32,1000,10,2.88784,28.878400000000003
20260924_094738,nestml,100,False,True,128,10.0,0.1,50.0,32,32,1000,10,3.5467999999999997,35.468
20260924_094942,nestml,100,False,False,128,10.0,0.1,50.0,32,32,1000,10,4.07664,40.766400000000004
20260924_095144,nestml,100,False,False,128,10.0,0.1,50.0,32,32,1000,10,3.9737199999999993,39.737199999999994
20260924_095349,nestml,100,False,False,128,10.0,0.1,50.0,32,32,1000,10,3.96612,39.6612
20260924_095558,nestml,100,False,False,128,10.0,0.1,50.0,32,32,1000,10,4.05852,40.5852
20260924_095805,nestml,100,False,False,128,10.0,0.1,50.0,32,32,1000,10,4.034839999999999,40.3484
20260924_100008,builtin,200,False,,128,10.0,0.1,50.0,32,32,1000,10,2.88032,28.803199999999997
20260924_100027,nestml,200,False,True,128,10.0,0.1,50.0,32,32,1000,10,3.5241599999999997,35.241600000000005
20260924_100232,builtin,200,False,,128,10.0,0.1,50.0,32,32,1000,10,2.8806399999999996,28.8064
20260924_100304,nestml,200,False,True,128,10.0,0.1,50.0,32,32,1000,10,3.5198799999999997,35.1988
20260924_100512,builtin,200,False,,128,10.0,0.1,50.0,32,32,1000,10,2.8802399999999997,28.8024
20260924_100531,nestml,200,False,True,128,10.0,0.1,50.0,32,32,1000,10,3.5396,35.39600000000001
20260924_100735,builtin,200,False,,128,10.0,0.1,50.0,32,32,1000,10,2.88056,28.8056
20260924_100754,nestml,200,False,True,128,10.0,0.1,50.0,32,32,1000,10,3.5297600000000005,35.297599999999996
20260924_100956,builtin,200,False,,128,10.0,0.1,50.0,32,32,1000,10,2.8803599999999996,28.803600000000003
20260924_101015,nestml,200,False,True,128,10.0,0.1,50.0,32,32,1000,10,3.51372,35.13720000000001
20260924_101227,nestml,200,False,False,128,10.0,0.1,50.0,32,32,1000,10,3.936280000000001,39.36280000000001
20260924_101436,nestml,200,False,False,128,10.0,0.1,50.0,32,32,1000,10,3.9457999999999998,39.45799999999999
20260924_101645,nestml,200,False,False,128,10.0,0.1,50.0,32,32,1000,10,3.9034,39.034000000000006
20260924_101854,nestml,200,False,False,128,10.0,0.1,50.0,32,32,1000,10,3.9997599999999998,39.9976
20260924_102102,nestml,200,False,False,128,10.0,0.1,50.0,32,32,1000,10,3.93784,39.3784
20260924_102322,builtin,300,False,,128,10.0,0.1,50.0,32,32,1000,10,2.8413199999999996,28.413199999999996
20260924_102340,nestml,300,False,True,128,10.0,0.1,50.0,32,32,1000,10,3.4997600000000006,34.997600000000006
20260924_102544,builtin,300,False,,128,10.0,0.1,50.0,32,32,1000,10,2.8411999999999997,28.412
20260924_102603,nestml,300,False,True,128,10.0,0.1,50.0,32,32,1000,10,3.4933200000000006,34.93320000000001
20260924_102808,builtin,300,False,,128,10.0,0.1,50.0,32,32,1000,10,2.84116,28.4116
20260924_102829,nestml,300,False,True,128,10.0,0.1,50.0,32,32,1000,10,3.50644,35.06439999999999
20260924_103034,builtin,300,False,,128,10.0,0.1,50.0,32,32,1000,10,2.8416400000000004,28.4164
20260924_103053,nestml,300,False,True,128,10.0,0.1,50.0,32,32,1000,10,3.49772,34.9772
20260924_103258,builtin,300,False,,128,10.0,0.1,50.0,32,32,1000,10,2.8411999999999997,28.411999999999995
20260924_103317,nestml,300,False,True,128,10.0,0.1,50.0,32,32,1000,10,3.5051199999999993,35.0512
20260924_103530,nestml,300,False,False,128,10.0,0.1,50.0,32,32,1000,10,3.7967199999999997,37.967200000000005
20260924_103735,nestml,300,False,False,128,10.0,0.1,50.0,32,32,1000,10,3.87716,38.77159999999999
20260924_103938,nestml,300,False,False,128,10.0,0.1,50.0,32,32,1000,10,4.060440000000001,40.604400000000005
20260924_104141,nestml,300,False,False,128,10.0,0.1,50.0,32,32,1000,10,3.9059599999999994,39.059599999999996
20260924_104401,nestml,300,False,False,128,10.0,0.1,50.0,32,32,1000,10,3.93696,39.3696
20260924_104600,builtin,100,False,,256,10.0,0.1,50.0,32,32,1000,18,3.811111111111112,68.60000000000001
20260924_104637,nestml,100,False,True,256,10.0,0.1,50.0,32,32,1000,18,4.3353777777777776,78.0368
20260924_104840,builtin,100,False,,256,10.0,0.1,50.0,32,32,1000,18,3.810177777777778,68.5832
20260924_104918,nestml,100,False,True,256,10.0,0.1,50.0,32,32,1000,18,4.2377777777777785,76.28000000000002
20260924_105123,builtin,100,False,,256,10.0,0.1,50.0,32,32,1000,18,3.8105555555555557,68.59
20260924_105200,nestml,100,False,True,256,10.0,0.1,50.0,32,32,1000,18,4.183244444444445,75.2984
20260924_105405,builtin,100,False,,256,10.0,0.1,50.0,32,32,1000,18,3.8094222222222225,68.56960000000001
20260924_105442,nestml,100,False,True,256,10.0,0.1,50.0,32,32,1000,18,4.224844444444445,76.0472
20260924_105645,builtin,100,False,,256,10.0,0.1,50.0,32,32,1000,18,3.811066666666667,68.5992
20260924_105723,nestml,100,False,True,256,10.0,0.1,50.0,32,32,1000,18,4.236822222222221,76.26279999999998
20260924_105950,nestml,100,False,False,256,10.0,0.1,50.0,32,32,1000,18,6.211511111111111,111.8072
20260924_110234,nestml,100,False,False,256,10.0,0.1,50.0,32,32,1000,18,6.04308888888889,108.7756
20260924_110500,nestml,100,False,False,256,10.0,0.1,50.0,32,32,1000,18,5.913133333333334,106.43639999999998
20260924_110726,nestml,100,False,False,256,10.0,0.1,50.0,32,32,1000,18,5.9145111111111115,106.46120000000002
20260924_110952,nestml,100,False,False,256,10.0,0.1,50.0,32,32,1000,18,5.895422222222223,106.11760000000001
20260928_102846,builtin,200,False,,256,10.0,0.1,50.0,32,32,1000,18,3.8461777777777777,69.2312
20260928_102921,nestml,200,False,True,256,10.0,0.1,50.0,32,32,1000,18,4.291422222222222,77.2456
20260924_130452,builtin,200,False,,256,10.0,0.1,50.0,32,32,1000,18,3.847711111111111,69.2588
20260924_130527,nestml,200,False,True,256,10.0,0.1,50.0,32,32,1000,18,4.366311111111111,78.59360000000001
20260924_130729,builtin,200,False,,256,10.0,0.1,50.0,32,32,1000,18,3.847666666666667,69.25800000000001
20260924_130803,nestml,200,False,True,256,10.0,0.1,50.0,32,32,1000,18,4.3918,79.05239999999999
20260924_131006,builtin,200,False,,256,10.0,0.1,50.0,32,32,1000,18,3.847022222222222,69.2464
20260924_131041,nestml,200,False,True,256,10.0,0.1,50.0,32,32,1000,18,4.134066666666667,74.4132
20260924_131246,builtin,200,False,,256,10.0,0.1,50.0,32,32,1000,18,3.8479111111111113,69.2624
20260924_131322,nestml,200,False,True,256,10.0,0.1,50.0,32,32,1000,18,4.142844444444445,74.5712
20260928_103152,nestml,200,False,False,256,10.0,0.1,50.0,32,32,1000,18,6.9027111111111115,124.24880000000002
20260924_131817,nestml,200,False,False,256,10.0,0.1,50.0,32,32,1000,18,6.926044444444444,124.66879999999999
20260924_132042,nestml,200,False,False,256,10.0,0.1,50.0,32,32,1000,18,6.070266666666666,109.2648
20260924_132319,nestml,200,False,False,256,10.0,0.1,50.0,32,32,1000,18,5.724711111111111,103.04480000000001
20260924_132538,nestml,200,False,False,256,10.0,0.1,50.0,32,32,1000,18,5.619777777777778,101.15599999999999
20260924_132737,builtin,300,False,,256,10.0,0.1,50.0,32,32,1000,18,3.3646888888888893,60.564400000000006
20260924_132813,nestml,300,False,True,256,10.0,0.1,50.0,32,32,1000,18,4.691866666666666,84.4536
20260924_133018,builtin,300,False,,256,10.0,0.1,50.0,32,32,1000,18,3.363888888888889,60.550000000000004
20260924_133052,nestml,300,False,True,256,10.0,0.1,50.0,32,32,1000,18,4.49391111111111,80.8904
20260924_133254,builtin,300,False,,256,10.0,0.1,50.0,32,32,1000,18,3.364822222222222,60.56679999999999
20260924_133328,nestml,300,False,True,256,10.0,0.1,50.0,32,32,1000,18,4.681288888888888,84.26319999999997
20260924_133538,builtin,300,False,,256,10.0,0.1,50.0,32,32,1000,18,3.3652222222222217,60.574
20260924_133613,nestml,300,False,True,256,10.0,0.1,50.0,32,32,1000,18,4.209666666666667,75.77400000000002
20260924_133820,builtin,300,False,,256,10.0,0.1,50.0,32,32,1000,18,3.364088888888889,60.55360000000001
20260924_133855,nestml,300,False,True,256,10.0,0.1,50.0,32,32,1000,18,4.528311111111111,81.50959999999998
20260924_134122,nestml,300,False,False,256,10.0,0.1,50.0,32,32,1000,18,8.491200000000001,152.84160000000006
20260924_134400,nestml,300,False,False,256,10.0,0.1,50.0,32,32,1000,18,7.058644444444445,127.0556
20260924_134625,nestml,300,False,False,256,10.0,0.1,50.0,32,32,1000,18,5.737044444444445,103.2668
20260924_134849,nestml,300,False,False,256,10.0,0.1,50.0,32,32,1000,18,5.7862222222222215,104.15200000000002
20260924_135115,nestml,300,False,False,256,10.0,0.1,50.0,32,32,1000,18,7.889822222222223,142.0168
20260924_135548,builtin,100,False,,512,10.0,0.1,50.0,32,32,1000,34,4.909670588235294,166.92879999999997
20260924_135725,nestml,100,False,True,512,10.0,0.1,50.0,32,32,1000,34,5.736717647058823,195.0484
20260924_135930,builtin,100,False,,512,10.0,0.1,50.0,32,32,1000,34,4.908447058823528,166.8872
20260924_140105,nestml,100,False,True,512,10.0,0.1,50.0,32,32,1000,34,6.450929411764705,219.33160000000007
20260924_140317,builtin,100,False,,512,10.0,0.1,50.0,32,32,1000,34,4.910023529411764,166.9408
20260924_140450,nestml,100,False,True,512,10.0,0.1,50.0,32,32,1000,34,5.990058823529411,203.662
20260924_140655,builtin,100,False,,512,10.0,0.1,50.0,32,32,1000,34,4.909470588235294,166.922
20260924_140828,nestml,100,False,True,512,10.0,0.1,50.0,32,32,1000,34,6.307035294117647,214.4392
20260924_141025,builtin,100,False,,512,10.0,0.1,50.0,32,32,1000,34,4.9087764705882355,166.89839999999992
20260924_141202,nestml,100,False,True,512,10.0,0.1,50.0,32,32,1000,34,5.910988235294117,200.97359999999998
20260924_141513,nestml,100,False,False,512,10.0,0.1,50.0,32,32,1000,34,10.78525882352941,366.6987999999999
20260924_141837,nestml,100,False,False,512,10.0,0.1,50.0,32,32,1000,34,12.739529411764707,433.14399999999995
20260924_142205,nestml,100,False,False,512,10.0,0.1,50.0,32,32,1000,34,12.107517647058822,411.65559999999994
20260924_142533,nestml,100,False,False,512,10.0,0.1,50.0,32,32,1000,34,11.60549411764706,394.5867999999999
20260924_142848,nestml,100,False,False,512,10.0,0.1,50.0,32,32,1000,34,11.357247058823528,386.1463999999999
20260924_143051,builtin,200,False,,512,10.0,0.1,50.0,32,32,1000,34,6.53,222.01999999999995
20260924_143223,nestml,200,False,True,512,10.0,0.1,50.0,32,32,1000,34,5.5728823529411775,189.47799999999998
20260924_143421,builtin,200,False,,512,10.0,0.1,50.0,32,32,1000,34,6.532823529411765,222.1159999999999
20260924_143554,nestml,200,False,True,512,10.0,0.1,50.0,32,32,1000,34,5.4482823529411775,185.2416
20260924_143751,builtin,200,False,,512,10.0,0.1,50.0,32,32,1000,34,6.528447058823529,221.96720000000002
20260924_143924,nestml,200,False,True,512,10.0,0.1,50.0,32,32,1000,34,5.346082352941177,181.76680000000002
20260924_144121,builtin,200,False,,512,10.0,0.1,50.0,32,32,1000,34,6.5302235294117645,222.02759999999998
20260924_144306,nestml,200,False,True,512,10.0,0.1,50.0,32,32,1000,34,6.003552941176471,204.12079999999992
20260924_144512,builtin,200,False,,512,10.0,0.1,50.0,32,32,1000,34,6.527541176470589,221.93639999999996
20260924_144647,nestml,200,False,True,512,10.0,0.1,50.0,32,32,1000,34,6.911223529411765,234.9816
20260924_145002,nestml,200,False,False,512,10.0,0.1,50.0,32,32,1000,34,13.56185882352941,461.1032
20260924_145324,nestml,200,False,False,512,10.0,0.1,50.0,32,32,1000,34,12.199776470588235,414.7923999999999
20260924_145637,nestml,200,False,False,512,10.0,0.1,50.0,32,32,1000,34,11.890564705882353,404.2792
20260924_145954,nestml,200,False,False,512,10.0,0.1,50.0,32,32,1000,34,11.406258823529411,387.81280000000004
20260924_150338,nestml,200,False,False,512,10.0,0.1,50.0,32,32,1000,34,10.930388235294117,371.63319999999993
20260924_150547,builtin,300,False,,512,10.0,0.1,50.0,32,32,1000,34,5.501917647058825,187.0652
20260924_150725,nestml,300,False,True,512,10.0,0.1,50.0,32,32,1000,34,6.822858823529411,231.97719999999995
20260924_150925,builtin,300,False,,512,10.0,0.1,50.0,32,32,1000,34,5.498776470588235,186.95839999999998
20260924_151059,nestml,300,False,True,512,10.0,0.1,50.0,32,32,1000,34,6.0047999999999995,204.1632
20260924_151257,builtin,300,False,,512,10.0,0.1,50.0,32,32,1000,34,5.501494117647059,187.05080000000004
20260924_151433,nestml,300,False,True,512,10.0,0.1,50.0,32,32,1000,34,5.862811764705882,199.33559999999997
20260924_151632,builtin,300,False,,512,10.0,0.1,50.0,32,32,1000,34,5.50004705882353,187.00160000000005
20260924_151806,nestml,300,False,True,512,10.0,0.1,50.0,32,32,1000,34,6.487988235294118,220.59160000000006
20260924_152010,builtin,300,False,,512,10.0,0.1,50.0,32,32,1000,34,5.500329411764706,187.0112
20260924_152143,nestml,300,False,True,512,10.0,0.1,50.0,32,32,1000,34,6.409682352941177,217.9292
20260924_152517,nestml,300,False,False,512,10.0,0.1,50.0,32,32,1000,34,13.7898,468.8532000000001
20260924_152839,nestml,300,False,False,512,10.0,0.1,50.0,32,32,1000,34,13.280952941176471,451.5524000000001
20260924_153203,nestml,300,False,False,512,10.0,0.1,50.0,32,32,1000,34,14.956858823529412,508.5332000000001
20260924_153524,nestml,300,False,False,512,10.0,0.1,50.0,32,32,1000,34,11.813741176470588,401.66720000000004
20260924_153851,nestml,300,False,False,512,10.0,0.1,50.0,32,32,1000,34,13.860270588235297,471.24920000000003
