timestamp,implementation,seed,use_static_synapses,use_exp_luts,N,g,p_conn,rate_ext_input,neurons_per_core,poisson_generators_per_core,t_sim,cores_used,active_cores,execution_time_s,execution_energy_J,execution_energy_active_only_J,execution_energy_ignoring_frame_J,mapping_time_s,mapping_energy_J,data_spec_time_s,data_spec_energy_J,saving_time_s,saving_energy_J,other_time_s,other_energy_J,total_energy_J
20260924_093752,builtin,100,False,,128,10.0,0.1,50.0,32,32,1000,19,10,1.0,3.59038342,0.38038341999999997,3.59038342,1.702137,6.05960772,3.3458930000000002,12.007764047999999,0.490423,2.029370374,3.4472790000000004,12.272313240000003,35.959438802
20260924_093811,nestml,100,False,True,128,10.0,0.1,50.0,32,32,1000,19,10,1.0,3.59578058,0.38578058,3.59578058,1.6417950000000001,5.8447902,8.230554,31.530672541999998,0.484119,2.003284422,7.1794139999999995,25.55871384,68.533241584
20260924_094013,builtin,100,False,,128,10.0,0.1,50.0,32,32,1000,19,10,1.0,3.5903909,0.3803909,3.5903909,1.539961,5.48226116,3.276807,11.764939087999998,0.502173,2.077991874,3.3224180000000008,11.827808080000002,34.743391102
20260924_094031,nestml,100,False,True,128,10.0,0.1,50.0,32,32,1000,19,10,1.0,3.59589244,0.38589244,3.59589244,1.634512,5.81886272,8.2575,31.626079523999998,0.47954,1.98433652,7.183823999999998,25.574413439999994,68.59958464399999
20260924_094243,builtin,100,False,,128,10.0,0.1,50.0,32,32,1000,19,10,1.0,3.59038138,0.38038138,3.59038138,1.4515169999999997,5.167400519999999,3.261195,11.706667465999999,0.516357,2.1366852659999997,3.2942560000000003,11.727551360000001,34.328685992
20260924_094302,nestml,100,False,True,128,10.0,0.1,50.0,32,32,1000,19,10,1.0,3.59603864,0.38603864,3.59603864,1.797597,6.39944532,8.3229,31.832468694000003,0.470885,1.94852213,7.096390000000001,25.263148400000006,69.039623184
20260924_094502,builtin,100,False,,128,10.0,0.1,50.0,32,32,1000,19,10,1.0,3.590379,0.38037899999999997,3.590379,1.601906,5.70278536,4.283588,15.935501486,0.471822,1.952399436,4.3210999999999995,15.383115999999998,42.56418128199999
20260924_094521,nestml,100,False,True,128,10.0,0.1,50.0,32,32,1000,19,10,1.0,3.59586694,0.38586694,3.59586694,1.5691100000000002,5.586031600000001,8.808358,33.866883114,0.478466,1.979892308,7.6586419999999995,27.264765519999997,72.293439482
20260924_094720,builtin,100,False,,128,10.0,0.1,50.0,32,32,1000,19,10,1.0,3.59036506,0.38036506,3.59036506,1.518103,5.40444668,3.22762,11.584987415999999,0.499967,2.068863446,3.343067000000001,11.901318520000004,34.549981122000005
20260924_094738,nestml,100,False,True,128,10.0,0.1,50.0,32,32,1000,19,10,1.0,3.59597268,0.38597267999999996,3.59597268,1.591923,5.66724588,8.306415,31.720460437999996,0.49655099999999996,2.054728038,7.0665189999999996,25.15680764,68.19521467599999
20260924_094942,nestml,100,False,False,128,10.0,0.1,50.0,32,32,1000,19,10,1.0,3.60051066,0.39051066,3.60051066,1.582289,5.63294884,8.234062,31.534056365999994,0.460305,1.9047420900000003,7.178319999999998,25.55481919999999,68.22707715599998
20260924_095144,nestml,100,False,False,128,10.0,0.1,50.0,32,32,1000,19,10,1.0,3.59959674,0.38959674,3.59959674,1.7479430000000002,6.222677080000001,8.549309000000001,32.852466113999995,0.502779,2.080499502,7.442242000000002,26.494381520000008,71.249620956
20260924_095349,nestml,100,False,False,128,10.0,0.1,50.0,32,32,1000,19,10,1.0,3.59952534,0.38952534,3.59952534,1.592777,5.67028612,8.609774,33.069333556000004,0.496676,2.055245288,7.568155999999999,26.942635359999997,71.33702566400001
20260924_095558,nestml,100,False,False,128,10.0,0.1,50.0,32,32,1000,19,10,1.0,3.60031958,0.39031958,3.60031958,1.70919,6.0847164000000005,8.943762,34.378123648,0.574044,2.375394072,7.8981629999999985,28.117460279999996,74.55601397999999
20260924_095805,nestml,100,False,False,128,10.0,0.1,50.0,32,32,1000,19,10,1.0,3.6001132,0.3901132,3.6001132,1.7973189999999999,6.39845564,8.492114,32.546482912,0.547399,2.265137062,7.601793000000002,27.062383080000007,71.87257189400002
20260924_100008,builtin,200,False,,128,10.0,0.1,50.0,32,32,1000,19,10,1.0,3.59031032,0.38031032,3.59031032,1.524386,5.42681416,3.264319,11.735684941999999,0.520691,2.154619358,3.7956670000000003,13.512574520000001,36.420003300000005
20260924_100027,nestml,200,False,True,128,10.0,0.1,50.0,32,32,1000,19,10,1.0,3.59577752,0.38577752,3.59577752,1.675902,5.9662111200000005,8.369265,32.04132142,0.489351,2.024934438,7.174483000000001,25.541159480000005,69.16940397800002
20260924_100232,builtin,200,False,,128,10.0,0.1,50.0,32,32,1000,19,10,1.0,3.5902953600000003,0.38029535999999997,3.5902953600000003,1.79386,6.3861416,3.2869699999999997,11.795096607999998,0.47827499999999995,1.97910195,3.3199009999999998,11.81884756,35.569483078
20260924_100304,nestml,200,False,True,128,10.0,0.1,50.0,32,32,1000,19,10,1.0,3.59573876,0.38573875999999996,3.59573876,2.8378900000000002,10.102888400000001,14.239874,54.676024061999996,0.9594539999999999,3.9702206519999996,12.033495,42.8392422,115.184114074
20260924_100512,builtin,200,False,,128,10.0,0.1,50.0,32,32,1000,19,10,1.0,3.5902943400000003,0.38029434,3.5902943400000003,1.8491710000000001,6.5830487600000005,3.3444409999999998,12.012018062,0.485742,2.010000396,3.3934939999999987,12.080838639999996,36.276200198
20260924_100531,nestml,200,False,True,128,10.0,0.1,50.0,32,32,1000,19,10,1.0,3.59590808,0.38590808,3.59590808,1.7579770000000001,6.258398120000001,8.667889,33.321198869999996,0.495988,2.052398344,7.601711999999999,27.062094719999997,72.289998134
20260924_100735,builtin,200,False,,128,10.0,0.1,50.0,32,32,1000,19,10,1.0,3.5903365000000003,0.38033649999999997,3.5903365000000003,1.7472,6.220032000000001,3.180396,11.420713098,0.48422000000000004,2.00370236,3.3715009999999994,12.002543559999998,35.237327518
20260924_100754,nestml,200,False,True,128,10.0,0.1,50.0,32,32,1000,19,10,1.0,3.5958193400000003,0.38581933999999996,3.5958193400000003,1.944917,6.92390452,9.213273,35.56018159,0.472929,1.956980202,8.081647,28.77066332,76.80754897199999
20260924_100956,builtin,200,False,,128,10.0,0.1,50.0,32,32,1000,19,10,1.0,3.5903110000000003,0.38031099999999995,3.5903110000000003,1.508258,5.36939848,3.124386,11.226722376,0.540289,2.235715882,3.3471270000000004,11.915772120000002,34.337919858
20260924_101015,nestml,200,False,True,128,10.0,0.1,50.0,32,32,1000,19,10,1.0,3.59568334,0.38568334,3.59568334,1.6253360000000001,5.78619616,8.714334000000001,33.336541666,0.48960899999999996,2.026002042,7.358541999999999,26.196409519999996,70.940832728
20260924_101227,nestml,200,False,False,128,10.0,0.1,50.0,32,32,1000,19,10,1.0,3.5992829200000003,0.38928292,3.5992829200000003,1.6200510000000001,5.7673815600000005,8.668294,33.389099110000004,2.5563000000000002,10.5779694,7.748065000000002,27.583111400000007,80.91684439000001
20260924_101436,nestml,200,False,False,128,10.0,0.1,50.0,32,32,1000,19,10,1.0,3.59935908,0.38935907999999997,3.59935908,1.699662,6.05079672,8.662258,33.278542306000006,0.514109,2.127383042,7.688872999999999,27.372387879999998,72.428469028
20260924_101645,nestml,200,False,False,128,10.0,0.1,50.0,32,32,1000,19,10,1.0,3.59900242,0.38900241999999996,3.59900242,1.5599109999999998,5.553283159999999,8.206002999999999,31.44405475,0.509571,2.108604798,7.249638999999999,25.808714839999997,68.513659968
20260924_101854,nestml,200,False,False,128,10.0,0.1,50.0,32,32,1000,19,10,1.0,3.5998452800000003,0.38984527999999996,3.5998452800000003,1.5796480000000002,5.623546880000001,8.550346000000001,32.8262446,0.495933,2.052170754,7.519557000000001,26.769622920000003,70.87143043400002
20260924_102102,nestml,200,False,False,128,10.0,0.1,50.0,32,32,1000,19,10,1.0,3.5992985600000003,0.38929855999999996,3.5992985600000003,1.698657,6.047218920000001,8.354292,32.097163592,0.487873,2.018818474,7.455062999999998,26.540024279999994,70.302523826
20260924_102322,builtin,300,False,,128,10.0,0.1,50.0,32,32,1000,19,10,1.0,3.5900084,0.38000839999999997,3.5900084,1.674634,5.96169704,3.2646800000000002,11.725964403999999,0.484967,2.006793446,3.359454,11.95965624,35.24411953
20260924_102340,nestml,300,False,True,128,10.0,0.1,50.0,32,32,1000,19,10,1.0,3.59560004,0.38560004,3.59560004,1.5806680000000002,5.627178080000001,8.368129,32.065657638,0.5232619999999999,2.1652581559999997,7.27124,25.885614399999998,69.339308314
20260924_102544,builtin,300,False,,128,10.0,0.1,50.0,32,32,1000,19,10,1.0,3.58997746,0.37997746,3.58997746,1.5691030000000001,5.586006680000001,3.166073,11.371461842,0.490411,2.029320718,3.1994079999999996,11.389892479999999,33.96665918
20260924_102603,nestml,300,False,True,128,10.0,0.1,50.0,32,32,1000,19,10,1.0,3.59554292,0.38554292,3.59554292,1.7230729999999999,6.134139879999999,8.715578,33.50571071,0.48773099999999997,2.018230878,7.6714590000000005,27.310394040000002,72.564018428
20260924_102808,builtin,300,False,,128,10.0,0.1,50.0,32,32,1000,19,10,1.0,3.58997372,0.37997371999999996,3.58997372,1.7125949999999999,6.0968382,3.067128,11.010194484,0.541205,2.23950629,3.1729659999999993,11.295758959999997,34.232271654
20260924_102829,nestml,300,False,True,128,10.0,0.1,50.0,32,32,1000,19,10,1.0,3.59562758,0.38562757999999997,3.59562758,1.688663,6.01164028,8.189261,31.327802294,2.542991,10.522896757999998,7.047930999999998,25.090634359999996,76.548601272
20260924_103034,builtin,300,False,,128,10.0,0.1,50.0,32,32,1000,19,10,1.0,3.5899744,0.3799744,3.5899744,1.693953,6.03047268,3.170601,11.382096879999999,0.534001,2.209696138,3.261811,11.61204716,34.824287258
20260924_103053,nestml,300,False,True,128,10.0,0.1,50.0,32,32,1000,19,10,1.0,3.59558066,0.38558065999999996,3.59558066,1.5997739999999998,5.695195439999999,8.978919999999999,34.607864823999996,0.480206,1.987092428,7.9439709999999994,28.280536759999997,74.16627011199998
20260924_103258,builtin,300,False,,128,10.0,0.1,50.0,32,32,1000,19,10,1.0,3.59000602,0.38000602,3.59000602,1.907095,6.7892582,3.210013,11.523281004000001,0.5135510000000001,2.1250740380000006,3.113887999999999,11.085441279999996,35.113060542
20260924_103317,nestml,300,False,True,128,10.0,0.1,50.0,32,32,1000,19,10,1.0,3.59561466,0.38561466,3.59561466,1.508548,5.37043088,8.560311000000002,32.874605354,0.497749,2.059685362,7.463276,26.56926256,70.469598816
20260924_103530,nestml,300,False,False,128,10.0,0.1,50.0,32,32,1000,19,10,1.0,3.59812658,0.38812658,3.59812658,1.808866,6.439562960000001,8.964037,34.579737078,0.46249,1.9137836200000002,9.401824000000001,33.470493440000006,80.00170367800001
20260924_103735,nestml,300,False,False,128,10.0,0.1,50.0,32,32,1000,19,10,1.0,3.5987838,0.3887838,3.5987838,1.730892,6.16197552,8.231918,31.501087674,0.46415300000000004,1.9206651140000002,7.229091,25.73556396,68.918076068
20260924_103938,nestml,300,False,False,128,10.0,0.1,50.0,32,32,1000,19,10,1.0,3.60033794,0.39033794,3.60033794,1.738957,6.19068692,8.110502,31.044628514000003,0.498745,2.06380681,7.168577,25.52013412,68.41959430400001
20260924_104141,nestml,300,False,False,128,10.0,0.1,50.0,32,32,1000,19,10,1.0,3.59905818,0.38905818,3.59905818,1.6986620000000001,6.047236720000001,8.382371,32.173857442,0.474255,1.96246719,7.602933999999999,27.066445039999998,70.849064572
20260924_104401,nestml,300,False,False,128,10.0,0.1,50.0,32,32,1000,19,10,1.0,3.59932168,0.38932168,3.59932168,1.744157,6.2091989199999995,9.012448,34.773909564,0.460655,1.9061903900000001,7.9561280000000005,28.323815680000003,74.812436234
20260924_104600,builtin,100,False,,256,10.0,0.1,50.0,32,32,1000,27,18,1.0,3.6359662,1.1259662,3.6359662,1.676926,5.96985656,3.563192,12.826484508,0.631923,2.6148973740000003,4.051726000000001,14.424144560000006,39.47134920200001
20260924_104637,nestml,100,False,True,256,10.0,0.1,50.0,32,32,1000,27,18,1.0,3.64399836,1.1339983599999999,3.64399836,1.727095,6.1484582,24.597853,97.22050641800001,0.597724,2.4733819120000002,21.030561000000002,74.86879716000001,184.35514205000004
20260924_104840,builtin,100,False,,256,10.0,0.1,50.0,32,32,1000,27,18,1.0,3.63594546,1.1259454599999998,3.63594546,1.823631,6.49212636,3.5903650000000003,12.918781926000001,0.614512,2.542850656,4.130895000000001,14.705986200000002,40.29569060200001
20260924_104918,nestml,100,False,True,256,10.0,0.1,50.0,32,32,1000,27,18,1.0,3.64252718,1.1325271799999999,3.64252718,1.759936,6.26537216,26.137868000000005,103.56523987000001,0.624464,2.584032032,22.607165,80.4815074,196.538678642
20260924_105123,builtin,100,False,,256,10.0,0.1,50.0,32,32,1000,27,18,1.0,3.63599918,1.1259991799999998,3.63599918,1.693298,6.02814088,3.601533,12.964233306,2.716813,11.242172194,4.034518999999999,14.362887639999995,48.23343319999999
20260924_105200,nestml,100,False,True,256,10.0,0.1,50.0,32,32,1000,27,18,1.0,3.64169112,1.13169112,3.64169112,1.721805,6.1296258,24.885130000000004,98.368690558,0.6033189999999999,2.4965340219999996,21.179515000000002,75.3990734,186.0356149
20260924_105405,builtin,100,False,,256,10.0,0.1,50.0,32,32,1000,27,18,1.0,3.63607398,1.12607398,3.63607398,1.700756,6.05469136,3.641418,13.106278816,0.569808,2.357865504,4.034269000000001,14.361997640000004,39.5169073
20260924_105442,nestml,100,False,True,256,10.0,0.1,50.0,32,32,1000,27,18,1.0,3.6423004,1.1323003999999999,3.6423004,1.678212,5.9744347200000005,25.334628000000002,100.263343574,0.567711,2.349188118,21.718722000000003,77.31865032000002,189.547917132
20260924_105645,builtin,100,False,,256,10.0,0.1,50.0,32,32,1000,27,18,1.0,3.63612974,1.1261297399999999,3.63612974,1.526421,5.43405876,3.531579,12.70849111,0.580452,2.401910376,3.975835,14.1539726,38.334562586000004
20260924_105723,nestml,100,False,True,256,10.0,0.1,50.0,32,32,1000,27,18,1.0,3.6425030400000002,1.1325030399999998,3.6425030400000002,1.771651,6.307077560000001,26.053624999999997,103.24941378,0.607176,2.512494288,22.505130999999995,80.11826635999998,195.82975502799997
20260924_105950,nestml,100,False,False,256,10.0,0.1,50.0,32,32,1000,27,18,1.0,3.67274026,1.1627402599999999,3.67274026,1.779392,6.33463552,25.122218999999998,99.452630344,0.607556,2.514066728,22.843002999999996,81.32109067999998,193.295163532
20260924_110234,nestml,100,False,False,256,10.0,0.1,50.0,32,32,1000,27,18,1.0,3.67013076,1.16013076,3.67013076,2.989321,10.64198276,42.574152999999995,166.16687492800003,0.57796,2.3915984800000003,29.763527000000003,105.95815612000001,288.82874304800004
20260924_110500,nestml,100,False,False,256,10.0,0.1,50.0,32,32,1000,27,18,1.0,3.66814924,1.1581492399999997,3.66814924,1.7237250000000002,6.136461000000001,26.499308,104.308172888,0.638327,2.6413971259999998,21.750926000000003,77.43329656000002,194.18747681400004
20260924_110726,nestml,100,False,False,256,10.0,0.1,50.0,32,32,1000,27,18,1.0,3.6681733800000003,1.1581733799999998,3.6681733800000003,1.7037550000000001,6.065367800000001,24.80831,98.028342538,0.601857,2.490484266,21.288304,75.78636224,186.038730224
20260924_110952,nestml,100,False,False,256,10.0,0.1,50.0,32,32,1000,27,18,1.0,3.667882,1.1578819999999999,3.667882,1.806339,6.43056684,25.063708999999996,99.13220216599998,0.621833,2.573144954,21.797203999999997,77.59804623999999,189.40184219999998
20260928_102846,builtin,200,False,,256,10.0,0.1,50.0,32,32,1000,27,18,1.0,3.63652006,1.1265200599999998,3.63652006,1.556293,5.54040308,3.534195,12.72495104,0.616808,2.552351504,5.301432000000002,18.873097920000006,43.32732360400001
20260928_102921,nestml,200,False,True,256,10.0,0.1,50.0,32,32,1000,27,18,1.0,3.64334488,1.1333448799999999,3.64334488,1.819811,6.4785271600000005,24.456429,96.49565199599999,0.582661,2.4110512180000003,20.548803999999997,73.15374223999999,182.18231749399996
20260924_130452,builtin,200,False,,256,10.0,0.1,50.0,32,32,1000,27,18,1.0,3.63664552,1.1266455199999998,3.63664552,1.761845,6.2721682,3.575602,12.880423638,0.5967859999999999,2.4695004679999997,3.860543,13.743533079999999,39.002270906
20260924_130527,nestml,200,False,True,256,10.0,0.1,50.0,32,32,1000,27,18,1.0,3.64460186,1.1346018599999999,3.64460186,1.47875,5.26435,24.555672,96.48134271800001,0.583973,2.4164802739999995,19.903412000000003,70.85614672000001,178.66292157200002
20260924_130729,builtin,200,False,,256,10.0,0.1,50.0,32,32,1000,27,18,1.0,3.6366479000000003,1.1266478999999998,3.6366479000000003,1.6819099999999998,5.987599599999999,3.5131699999999997,12.65136497,0.564249,2.3348623620000004,4.978343999999999,17.722904639999996,42.33337947199999
20260924_130803,nestml,200,False,True,256,10.0,0.1,50.0,32,32,1000,27,18,1.0,3.6448742000000003,1.1348741999999998,3.6448742000000003,1.550192,5.51868352,23.524513,92.791997552,0.596895,2.4699515099999996,19.865644,70.72169264,175.147199422
20260924_131006,builtin,200,False,,256,10.0,0.1,50.0,32,32,1000,27,18,1.0,3.6365442,1.1265441999999999,3.6365442,1.489597,5.30296532,3.55305,12.788641519999999,0.5797100000000001,2.3988399800000004,4.006746000000001,14.264015760000003,38.391006780000005
20260924_131041,nestml,200,False,True,256,10.0,0.1,50.0,32,32,1000,27,18,1.0,3.6409451600000002,1.1309451599999998,3.6409451600000002,1.453676,5.17508656,24.513586000000004,96.33572960000001,0.572824,2.3703457119999998,19.929176,70.94786656,178.469973592
20260924_131246,builtin,200,False,,256,10.0,0.1,50.0,32,32,1000,27,18,1.0,3.63656868,1.1265686799999999,3.63656868,1.656006,5.89538136,3.67298,13.215225868000001,0.6010789999999999,2.4872649019999997,4.108626,14.62670856,39.86114937000001
20260924_131322,nestml,200,False,True,256,10.0,0.1,50.0,32,32,1000,27,18,1.0,3.64104104,1.13104104,3.64104104,1.58426,5.6399656,25.290835,99.31791734800001,0.621946,2.5736125480000003,20.272781000000002,72.17110036000001,183.34363689600002
20260928_103152,nestml,200,False,False,256,10.0,0.1,50.0,32,32,1000,27,18,1.0,3.6834302,1.1734301999999999,3.6834302,1.7681650000000002,6.294667400000001,25.727974,101.338565014,0.5733440000000001,2.3724974720000005,21.460766,76.40032696,190.089487046
20260924_131817,nestml,200,False,False,256,10.0,0.1,50.0,32,32,1000,27,18,1.0,3.6837804,1.1737803999999998,3.6837804,1.684415,5.9965174,23.277574,91.81447518400002,0.614248,2.541758224,21.431143000000002,76.29486908000001,180.33140028800005
20260924_132042,nestml,200,False,False,256,10.0,0.1,50.0,32,32,1000,27,18,1.0,3.67068326,1.1606832599999999,3.67068326,1.6845739999999998,5.997083439999999,24.832734000000002,97.488292606,0.566647,2.344785286,20.209182000000002,71.94468792,181.445532512
20260924_132319,nestml,200,False,False,256,10.0,0.1,50.0,32,32,1000,27,18,1.0,3.66540204,1.1554020399999998,3.66540204,1.697107,6.04170092,22.992231,90.708242188,0.578985,2.39583993,19.531066,69.53059496,172.341780038
20260924_132538,nestml,200,False,False,256,10.0,0.1,50.0,32,32,1000,27,18,1.0,3.66367144,1.1536714399999999,3.66367144,1.6305749999999999,5.804847,23.328395999999998,92.058146294,0.573259,2.372145742,19.719977999999994,70.20312167999998,174.10193215599998
20260924_132737,builtin,300,False,,256,10.0,0.1,50.0,32,32,1000,27,18,1.0,3.62926854,1.1192685399999998,3.62926854,1.674607,5.9616009199999995,3.576441,12.876609152,0.5679890000000001,2.3503384820000006,4.9722990000000005,17.70138444,42.519201534000004
20260924_132813,nestml,300,False,True,256,10.0,0.1,50.0,32,32,1000,27,18,1.0,3.64948324,1.13948324,3.64948324,1.4826879999999998,5.27836928,23.086057,90.97952431600001,2.638477,10.918017826,19.521596000000006,69.49688176000002,180.32227642200002
20260924_133018,builtin,300,False,,256,10.0,0.1,50.0,32,32,1000,27,18,1.0,3.62916008,1.11916008,3.62916008,1.6165720000000001,5.754996320000001,3.5433329999999996,12.755070325999998,0.604205,2.50020029,4.976097000000002,17.714905320000007,42.354332336000006
20260924_133052,nestml,300,False,True,256,10.0,0.1,50.0,32,32,1000,27,18,1.0,3.6464501,1.1364500999999998,3.6464501,1.5421399999999998,5.490018399999999,23.235467000000003,91.62932898,0.563209,2.330558842,19.66521,70.0081476,173.104503922
20260924_133254,builtin,300,False,,256,10.0,0.1,50.0,32,32,1000,27,18,1.0,3.62916994,1.11916994,3.62916994,1.592692,5.66998352,3.622701,13.035972528,0.590526,2.443596588,5.068132,18.042549920000003,42.821272496000006
20260924_133328,nestml,300,False,True,256,10.0,0.1,50.0,32,32,1000,27,18,1.0,3.64931222,1.1393122199999999,3.64931222,1.5427529999999998,5.49220068,23.336802000000002,92.036684564,0.594737,2.461021706,19.845408,70.64965248,174.28887164999998
20260924_133538,builtin,300,False,,256,10.0,0.1,50.0,32,32,1000,27,18,1.0,3.6291815,1.1191814999999998,3.6291815,1.576718,5.61311608,3.6038320000000006,12.972761078000001,0.620814,2.568928332,5.473901999999999,19.487091119999995,44.27107811
20260924_133613,nestml,300,False,True,256,10.0,0.1,50.0,32,32,1000,27,18,1.0,3.64208042,1.1320804199999999,3.64208042,1.630439,5.80436284,24.099024000000004,94.94407804800002,0.55313,2.28885194,20.079431,71.48277436,178.162147608
20260924_133820,builtin,300,False,,256,10.0,0.1,50.0,32,32,1000,27,18,1.0,3.62928554,1.11928554,3.62928554,1.553866,5.53176296,3.6051110000000004,12.984810978000002,0.6778630000000001,2.804997094000001,5.242761,18.664229159999998,43.615085732
20260924_133855,nestml,300,False,True,256,10.0,0.1,50.0,32,32,1000,27,18,1.0,3.6470638,1.1370637999999997,3.6470638,1.6849489999999998,5.998418439999999,23.687904,93.2883255,0.563939,2.3335795819999996,19.666235,70.0117966,175.279183922
20260924_134122,nestml,300,False,False,256,10.0,0.1,50.0,32,32,1000,27,18,1.0,3.7075919600000002,1.1975919599999998,3.7075919600000002,1.6795839999999997,5.979319039999999,23.554908,92.97605758200001,0.5778179999999999,2.391010884,20.354812000000003,72.46313072000001,177.51711018600002
20260924_134400,nestml,300,False,False,256,10.0,0.1,50.0,32,32,1000,27,18,1.0,3.6858136,1.1758136,3.6858136,1.693627,6.02931212,24.992638999999997,98.629725854,0.582476,2.410285688,21.298545999999998,75.82282375999999,186.577961022
20260924_134625,nestml,300,False,False,256,10.0,0.1,50.0,32,32,1000,27,18,1.0,3.66558258,1.15558258,3.66558258,1.653281,5.88568036,25.452984999999998,99.794536924,0.574723,2.3782037739999997,20.155163,71.75238028000001,183.476383918
20260924_134849,nestml,300,False,False,256,10.0,0.1,50.0,32,32,1000,27,18,1.0,3.66635268,1.15635268,3.66635268,1.576919,5.61383164,23.986767999999998,94.699910192,0.5934740000000001,2.4557954120000005,20.613408,73.38373248,179.81962240400003
20260924_135115,nestml,300,False,False,256,10.0,0.1,50.0,32,32,1000,27,18,1.0,3.6983766,1.1883765999999998,3.6983766,1.635175,5.821223,23.85539,94.140296154,0.61645,2.5508701000000005,21.866103,77.84332668,184.054092534
20260924_135548,builtin,100,False,,512,10.0,0.1,50.0,32,32,1000,43,34,1.0,3.72569764,1.56569764,3.72569764,1.793291,6.38411596,4.497166,16.225533860000002,0.800592,3.312849696,7.288673000000001,25.947675880000006,55.59587303600001
20260924_135725,nestml,100,False,True,512,10.0,0.1,50.0,32,32,1000,43,34,1.0,3.7494806400000003,1.58948064,3.7494806400000003,1.541225,5.486761,82.932691,331.41445216000005,0.822837,3.4048995060000005,68.151348,242.61879887999999,586.674392186
20260924_135930,builtin,100,False,,512,10.0,0.1,50.0,32,32,1000,43,34,1.0,3.72553512,1.56553512,3.72553512,1.6309639999999999,5.80623184,4.517865,16.321666618,0.8450359999999999,3.4967589679999995,7.360995999999999,26.205145759999997,55.555338305999996
20260924_140105,nestml,100,False,True,512,10.0,0.1,50.0,32,32,1000,43,34,1.0,3.7699639400000002,1.6099639399999999,3.7699639400000002,1.572771,5.59906476,80.709497,322.24302456600003,0.783509,3.2421602419999997,65.410026,232.85969256,567.713906068
20260924_140317,builtin,100,False,,512,10.0,0.1,50.0,32,32,1000,43,34,1.0,3.72557966,1.56557966,3.72557966,1.68671,6.0046876,4.567268,16.504338578000002,0.809397,3.3492847860000006,7.027538,25.01803528,54.601925904
20260924_140450,nestml,100,False,True,512,10.0,0.1,50.0,32,32,1000,43,34,1.0,3.75692834,1.5969283399999998,3.75692834,1.526586,5.43464616,79.74551,318.309690998,0.7568469999999999,3.1318328859999998,65.071364,231.65405584,562.287154224
20260924_140655,builtin,100,False,,512,10.0,0.1,50.0,32,32,1000,43,34,1.0,3.72543278,1.56543278,3.72543278,1.8043930000000001,6.423639080000001,4.617142,16.656866664,0.805458,3.332985204,5.93532,21.1297392,51.268662928
20260924_140828,nestml,100,False,True,512,10.0,0.1,50.0,32,32,1000,43,34,1.0,3.76583294,1.60583294,3.76583294,1.547664,5.50968384,79.216039,316.149361862,0.8141369999999999,3.3688989059999996,63.54487399999999,226.21975143999998,555.013528988
20260924_141025,builtin,100,False,,512,10.0,0.1,50.0,32,32,1000,43,34,1.0,3.72554464,1.56554464,3.72554464,1.622674,5.77671944,4.445634,16.05274115,0.793567,3.283780246,5.96197,21.2246132,50.063398676
20260924_141202,nestml,100,False,True,512,10.0,0.1,50.0,32,32,1000,43,34,1.0,3.75464456,1.5946445599999999,3.75464456,1.4791079999999999,5.26562448,81.884849,327.245800826,1.516247,6.274230086,67.526303,240.39363868,582.933938632
20260924_141513,nestml,100,False,False,512,10.0,0.1,50.0,32,32,1000,43,34,1.0,3.89525904,1.7352590399999999,3.89525904,1.5929250000000001,5.670813000000001,78.675291,314.05731536,0.7785639999999999,3.221697832,64.956812,231.24625072,558.091335952
20260924_141837,nestml,100,False,False,512,10.0,0.1,50.0,32,32,1000,43,34,1.0,3.9518483,1.7918483,3.9518483,1.629291,5.8002759600000005,80.976539,323.4020746460001,0.80583,3.3345245400000003,68.45113900000001,243.68605484000005,580.1747782860002
20260924_142205,nestml,100,False,False,512,10.0,0.1,50.0,32,32,1000,43,34,1.0,3.93358452,1.77358452,3.93358452,1.582072,5.63217632,80.357842,320.814221994,0.8048719999999999,3.3305603359999996,70.357317,250.47204852,584.18259169
20260924_142533,nestml,100,False,False,512,10.0,0.1,50.0,32,32,1000,43,34,1.0,3.91921306,1.75921306,3.91921306,1.6157260000000002,5.751984560000001,81.247315,324.843798134,0.7843880000000001,3.2457975440000006,68.87383599999998,245.19085615999995,582.951649458
20260924_142848,nestml,100,False,False,512,10.0,0.1,50.0,32,32,1000,43,34,1.0,3.9119051000000002,1.7519051,3.9119051000000002,1.6698199999999999,5.9445592,80.534008,321.603274222,1.033635,4.27718163,66.91288899999999,238.20988483999997,573.9468049919999
20260924_143051,builtin,200,False,,512,10.0,0.1,50.0,32,32,1000,43,34,1.0,3.77226098,1.61226098,3.77226098,1.642625,5.847745,4.488046,16.201267902,0.838962,3.471624756,6.909257000000001,24.596954920000005,53.889853558000006
20260924_143223,nestml,200,False,True,512,10.0,0.1,50.0,32,32,1000,43,34,1.0,3.74487296,1.58487296,3.74487296,1.478078,5.26195768,79.33543300000001,316.546263416,0.792914,3.281078132,63.410885000000015,225.74275060000005,554.576922788
20260924_143421,builtin,200,False,,512,10.0,0.1,50.0,32,32,1000,43,34,1.0,3.7724819800000002,1.6124819799999999,3.7724819800000002,1.57485,5.606466,4.620702,16.687376188,0.8542580000000001,3.5349196040000006,6.967497,24.80428932,54.405533092
20260924_143554,nestml,200,False,True,512,10.0,0.1,50.0,32,32,1000,43,34,1.0,3.74103266,1.58103266,3.74103266,1.640541,5.84032596,79.016718,315.398780406,0.796877,3.2974770259999997,64.479294,229.54628663999998,557.823902692
20260924_143751,builtin,200,False,,512,10.0,0.1,50.0,32,32,1000,43,34,1.0,3.7722184800000003,1.61221848,3.7722184800000003,1.571569,5.5947856400000004,4.596850000000001,16.597036804000002,0.84524,3.49760312,6.989019000000002,24.880907640000007,54.342551684000014
20260924_143924,nestml,200,False,True,512,10.0,0.1,50.0,32,32,1000,43,34,1.0,3.73807908,1.57807908,3.73807908,1.540792,5.48521952,79.53206399999999,317.629278586,0.781843,3.235266334,65.19838500000002,232.10625060000007,562.19409412
20260924_144121,builtin,200,False,,512,10.0,0.1,50.0,32,32,1000,43,34,1.0,3.7724184000000003,1.6124184,3.7724184000000003,1.601738,5.70218728,4.479816,16.184561988,0.75529,3.1253900199999998,6.897466000000001,24.554978960000007,53.339536648000006
20260924_144306,nestml,200,False,True,512,10.0,0.1,50.0,32,32,1000,43,34,1.0,3.75718028,1.59718028,3.75718028,1.5469389999999998,5.50710284,85.72870999999999,342.84484033399997,1.4787249999999998,6.11896405,75.23920299999999,267.85156268,626.079650184
20260924_144512,builtin,200,False,,512,10.0,0.1,50.0,32,32,1000,43,34,1.0,3.77230348,1.61230348,3.77230348,1.761987,6.27267372,4.469626,16.133040838,0.817526,3.382922588,7.279510000000002,25.915055600000006,55.47599622600001
20260924_144647,nestml,200,False,True,512,10.0,0.1,50.0,32,32,1000,43,34,1.0,3.78331234,1.62331234,3.78331234,1.523901,5.42508756,80.612556,322.074421356,0.7978999999999999,3.3017101999999996,66.336057,236.15636292,570.740894376
20260924_145002,nestml,200,False,False,512,10.0,0.1,50.0,32,32,1000,43,34,1.0,3.9755048200000003,1.81550482,3.9755048200000003,1.690829,6.01935124,79.983241,319.070930602,0.7680710000000001,3.1782777980000008,66.643224,237.24987744,569.4939419
20260924_145324,nestml,200,False,False,512,10.0,0.1,50.0,32,32,1000,43,34,1.0,3.9362797,1.7762797,3.9362797,1.713422,6.09978232,79.805843,318.805628972,0.7849740000000001,3.2482224120000005,67.21372799999999,239.28087167999996,571.370785084
20260924_145637,nestml,200,False,False,512,10.0,0.1,50.0,32,32,1000,43,34,1.0,3.92743902,1.7674390199999999,3.92743902,1.7307560000000002,6.16149136,80.15860799999999,319.850865356,0.788632,3.263359216,66.857093,238.01125108000002,571.214406032
20260924_145954,nestml,200,False,False,512,10.0,0.1,50.0,32,32,1000,43,34,1.0,3.91346026,1.75346026,3.91346026,1.666989,5.93448084,80.196613,320.487876982,0.79801,3.3021653800000004,68.129674,242.54163943999998,576.179622902
20260924_150338,nestml,200,False,False,512,10.0,0.1,50.0,32,32,1000,43,34,1.0,3.89945396,1.73945396,3.89945396,1.758668,6.260858079999999,98.254503,394.631531696,0.7670309999999999,3.1739742779999998,85.111702,302.99765912,710.963477134
20260924_150547,builtin,300,False,,512,10.0,0.1,50.0,32,32,1000,43,34,1.0,3.74255654,1.58255654,3.74255654,1.7143290000000002,6.103011240000001,4.525772,16.33706428,0.787246,3.257623948,7.370010000000001,26.2372356,55.677491608
20260924_150725,nestml,300,False,True,512,10.0,0.1,50.0,32,32,1000,43,34,1.0,3.78085686,1.62085686,3.78085686,1.5706959999999999,5.59167776,83.30780899999999,333.268915084,1.15321,4.771982980000001,69.797329,248.47849124,595.891923924
20260924_150925,builtin,300,False,,512,10.0,0.1,50.0,32,32,1000,43,34,1.0,3.742461,1.582461,3.742461,1.623863,5.78095228,4.444878,16.042790688000004,0.785875,3.2519507500000002,7.001714,24.92610184,53.744256558000004
20260924_151059,nestml,300,False,True,512,10.0,0.1,50.0,32,32,1000,43,34,1.0,3.7572255,1.5972255,3.7572255,1.524939,5.42878284,81.98207000000001,327.74271703400007,0.788365,3.26225437,66.30626,236.0502856,576.2412653440001
20260924_151257,builtin,300,False,,512,10.0,0.1,50.0,32,32,1000,43,34,1.0,3.74277618,1.58277618,3.74277618,1.7755659999999998,6.321014959999999,4.705367000000001,16.996874432000002,0.824874,3.413328612,6.004667000000001,21.376614520000004,51.85060870400001
20260924_151433,nestml,300,False,True,512,10.0,0.1,50.0,32,32,1000,43,34,1.0,3.75324444,1.5932444399999999,3.75324444,1.499057,5.33664292,80.901892,323.10798505,2.8565169999999998,11.820267345999998,65.039062,231.53906072,575.5572004759999
20260924_151632,builtin,300,False,,512,10.0,0.1,50.0,32,32,1000,43,34,1.0,3.74249738,1.58249738,3.74249738,1.504558,5.35622648,4.794737,17.29255668,0.77007,3.1865496600000003,6.283838999999999,22.370466839999995,51.94829704
20260924_151806,nestml,300,False,True,512,10.0,0.1,50.0,32,32,1000,43,34,1.0,3.7711906600000002,1.6111906599999999,3.7711906600000002,1.496329,5.32693124,79.33362399999999,316.73209045199997,0.743039,3.0746953820000003,64.93762199999999,231.17793431999996,560.0828420539999
20260924_152010,builtin,300,False,,512,10.0,0.1,50.0,32,32,1000,43,34,1.0,3.74248242,1.5824824199999998,3.74248242,1.6263409999999998,5.78977396,4.540091,16.385176508,0.8139959999999999,3.3683154479999997,7.2610730000000006,25.849419880000003,55.135168216000004
20260924_152143,nestml,300,False,True,512,10.0,0.1,50.0,32,32,1000,43,34,1.0,3.7690245200000003,1.60902452,3.7690245200000003,1.563211,5.565031159999999,80.49282099999999,321.5347258979999,0.780664,3.2303876320000002,64.961114,231.26156583999997,565.3607350499999
20260924_152517,nestml,300,False,False,512,10.0,0.1,50.0,32,32,1000,43,34,1.0,3.98220418,1.82220418,3.98220418,1.6792,5.977952,81.096663,323.7058524199999,0.7736989999999999,3.2015664619999997,67.92071100000001,241.79773116000004,578.665306222
20260924_152839,nestml,300,False,False,512,10.0,0.1,50.0,32,32,1000,43,34,1.0,3.96750258,1.80750258,3.96750258,1.7487730000000001,6.225631880000001,81.066012,323.706246208,0.7646649999999999,3.1641837699999997,66.95414600000001,238.35675976000005,575.4203241980001
20260924_153203,nestml,300,False,False,512,10.0,0.1,50.0,32,32,1000,43,34,1.0,4.01595326,1.85595326,4.01595326,1.6918360000000001,6.02293616,82.02890500000001,327.8999669660001,0.762796,3.1564498480000003,69.425155,247.15355180000003,588.2488580340001
20260924_153524,nestml,300,False,False,512,10.0,0.1,50.0,32,32,1000,43,34,1.0,3.92497912,1.76497912,3.92497912,1.590548,5.66235088,80.563488,321.706760104,0.7857759999999999,3.2515410879999997,67.974821,241.99036276,576.535993952
20260924_153851,nestml,300,False,False,512,10.0,0.1,50.0,32,32,1000,43,34,1.0,3.9842492800000002,1.8242492799999999,3.9842492800000002,1.683786,5.99427816,81.887224,327.26775328200006,0.804789,3.330216882,69.54410200000001,247.57700312000003,588.1535007240001
,,