timestamp,implementation,seed,use_static_synapses,use_exp_luts,N,g,p_conn,rate_ext_input,neurons_per_core,poisson_generators_per_core,t_sim,exc_firing_rate,inh_firing_rate,cv,execution_time
20260928_124442,builtin,100,False,,256,10.0,0.1,50.0,32,32,1000,4.682926829268292,4.686274509803922,0.6630614343818719,8.608399644959718
20260928_124516,nestml,100,False,True,256,10.0,0.1,50.0,32,32,1000,4.556097560975609,4.823529411764706,0.6369090275678321,28.341745370067656
20260928_124722,builtin,100,False,,256,10.0,0.1,50.0,32,32,1000,4.682926829268292,4.686274509803922,0.6630614343818719,8.639126369263977
20260928_124756,nestml,100,False,True,256,10.0,0.1,50.0,32,32,1000,4.575609756097561,5.0588235294117645,0.6738425796597232,27.970910091884434
20260928_125006,builtin,100,False,,256,10.0,0.1,50.0,32,32,1000,4.682926829268292,4.686274509803922,0.6630614343818719,10.563099230173975
20260928_125040,nestml,100,False,True,256,10.0,0.1,50.0,32,32,1000,3.5902439024390245,4.431372549019608,0.5915561724879659,28.370317026041448
20260928_125312,nestml,100,False,False,256,10.0,0.1,50.0,32,32,1000,4.6,4.509803921568627,0.6927150100400984,31.861577400937676
20260928_125538,nestml,100,False,False,256,10.0,0.1,50.0,32,32,1000,5.151219512195122,5.254901960784314,0.7313413959720221,31.70883146673441
20260928_125803,nestml,100,False,False,256,10.0,0.1,50.0,32,32,1000,5.004878048780488,5.098039215686274,0.7304240954237818,30.72204691870138
20260928_173037,builtin,100,False,,256,10.0,0.1,50.0,32,32,1000,4.682926829268292,4.686274509803922,0.6630614343818719,8.44994149217382
20260928_173111,nestml,100,False,True,256,10.0,0.1,50.0,32,32,1000,4.931707317073171,5.117647058823529,0.6547640555860205,28.749419428873807
20260928_173315,builtin,100,False,,256,10.0,0.1,50.0,32,32,1000,4.682926829268292,4.686274509803922,0.6630614343818719,8.327304875012487
20260928_173350,nestml,100,False,True,256,10.0,0.1,50.0,32,32,1000,4.84390243902439,5.117647058823529,0.7077657722261713,28.477690385188907
20260928_173553,builtin,100,False,,256,10.0,0.1,50.0,32,32,1000,4.682926829268292,4.686274509803922,0.6630614343818719,8.566794055048376
20260928_173628,nestml,100,False,True,256,10.0,0.1,50.0,32,32,1000,3.4585365853658536,3.980392156862745,0.65947337329912,28.91104838717729
20260928_173852,nestml,100,False,False,256,10.0,0.1,50.0,32,32,1000,3.9365853658536585,4.333333333333333,0.6870358437057251,29.305010345764458
20260928_174111,nestml,100,False,False,256,10.0,0.1,50.0,32,32,1000,4.2,4.666666666666667,0.6488599509748928,29.504669797141105
20260928_174348,nestml,100,False,False,256,10.0,0.1,50.0,32,32,1000,4.619512195121951,5.0,0.7045211402840724,29.738958107773215
20260929_101517,builtin,100,False,,256,10.0,0.1,50.0,32,32,1000,6.878048780487805,6.254901960784314,0.7740011904376113,8.496053223498166
20260929_101553,nestml,100,False,True,256,10.0,0.1,50.0,32,32,1000,4.380487804878049,4.784313725490196,0.6583575652319086,29.83057024423033
20260929_101823,nestml,100,False,False,256,10.0,0.1,50.0,32,32,1000,5.170731707317073,5.294117647058823,0.6963318544963499,29.628655781038105
20260929_102032,builtin,100,False,,256,10.0,0.1,50.0,32,32,1000,6.878048780487805,6.254901960784314,0.7740011904376113,8.715497268363833
20260929_102107,nestml,100,False,True,256,10.0,0.1,50.0,32,32,1000,3.3658536585365852,3.9607843137254903,0.6628730699365899,28.097527123056352
20260929_102331,builtin,100,False,,256,10.0,0.1,50.0,32,32,1000,6.878048780487805,6.254901960784314,0.7740011904376113,8.796496365219355
20260929_102408,nestml,100,False,True,256,10.0,0.1,50.0,32,32,1000,5.785365853658536,5.647058823529412,0.7291684076076776,29.909030128270388
20260929_102639,nestml,100,False,False,256,10.0,0.1,50.0,32,32,1000,4.648780487804878,5.019607843137255,0.7007603279435104,29.263910406269133
20260929_102903,nestml,100,False,False,256,10.0,0.1,50.0,32,32,1000,4.892682926829268,5.019607843137255,0.6947909698304787,30.188739132136106
20260929_115732,builtin,100,False,,128,10.0,0.1,50.0,32,32,1000,2.8137254901960786,2.8461538461538463,0.5729513257273811,8.757893789559603
20260929_115750,nestml,100,False,True,128,10.0,0.1,50.0,32,32,1000,2.4019607843137254,2.769230769230769,0.5774396580683326,13.327313190326095
20260929_115955,builtin,100,False,,128,10.0,0.1,50.0,32,32,1000,2.8137254901960786,2.8461538461538463,0.5729513257273811,8.389757739380002
20260929_120013,nestml,100,False,True,128,10.0,0.1,50.0,32,32,1000,2.5098039215686274,2.730769230769231,0.5678875792150495,13.302602730691433
20260929_120226,nestml,100,False,False,128,10.0,0.1,50.0,32,32,1000,2.372549019607843,2.8076923076923075,0.5672157419040413,19.480435172095895
20260929_120441,nestml,100,False,False,128,10.0,0.1,50.0,32,32,1000,2.784313725490196,2.769230769230769,0.5508914139264034,14.861459579318762
20260929_144136,nestml,1,False,False,128,10.0,0.1,50.0,32,32,1000,2.9901960784313726,2.769230769230769,0.6108682684690546,15.089168426580727
20260930_105414,nestml,1,False,False,128,10.0,0.1,50.0,32,32,1000,3.2254901960784315,2.769230769230769,0.6167490658343688,16.16946434043348
20260930_130906,nestml,1,False,False,128,10.0,0.1,50.0,32,32,1000,2.9411764705882355,2.8461538461538463,0.5793449519413092,13.291402354836464
20260930_134236,nestml,1,False,False,128,10.0,0.1,50.0,32,32,1000,2.7058823529411766,2.769230769230769,0.6250918697810912,13.135440797545016
20260930_134917,nestml,1,False,False,128,10.0,0.1,50.0,32,32,1000,2.6372549019607843,2.6538461538461537,0.6024564532642118,9.605335441417992
20260930_140519,nestml,1,False,False,128,10.0,0.1,50.0,32,32,1000,2.6372549019607843,2.6538461538461537,0.6024564532642118,9.363380162976682
20260930_142901,nestml,1,False,False,128,10.0,0.1,50.0,32,32,1000,2.9607843137254903,2.5,0.6475559499314703,13.313092445023358
20260930_144118,nestml,1,False,False,128,10.0,0.1,50.0,32,32,1000,3.1176470588235294,2.576923076923077,0.6691986962177604,13.799911589361727
20260930_145226,nestml,1,False,False,128,10.0,0.1,50.0,32,32,1000,3.127450980392157,2.923076923076923,0.6657725191748894,13.559246030636132
20260930_145943,nestml,1,False,False,128,10.0,0.1,50.0,32,32,1000,3.0392156862745097,2.769230769230769,0.6675881705098804,9.574936385266483
20260930_151623,nestml,1,False,False,128,10.0,0.1,50.0,32,32,1000,2.9901960784313726,2.9615384615384617,0.6460767238843668,13.318676038645208
20260930_151907,nestml,1,False,False,128,10.0,0.1,50.0,32,32,1000,3.2254901960784315,2.8076923076923075,0.640112790184267,14.968032769858837
20260930_152317,nestml,1,False,False,128,10.0,0.1,50.0,32,32,1000,2.9313725490196076,2.8461538461538463,0.6168637073377284,14.348127469420433
20260930_153247,nestml,1,False,False,128,10.0,0.1,50.0,32,32,1000,3.0980392156862746,2.6153846153846154,0.6555989546188413,9.443501367233694
20260930_154845,nestml,1,False,False,128,10.0,0.1,50.0,32,32,1000,3.0980392156862746,2.6153846153846154,0.6555989546188413,10.690923841670156
20260930_203028,nestml,1,False,False,128,10.0,0.1,50.0,32,32,1000,3.2254901960784315,3.076923076923077,0.6940641520241668,54.632387632504106
20260930_203307,nestml,1,False,False,128,10.0,0.1,50.0,32,32,1000,3.176470588235294,3.0384615384615383,0.6624501344361892,27.822933648712933
20260930_203554,builtin,1,False,,128,10.0,0.1,50.0,32,32,1000,3.176470588235294,3.269230769230769,0.6475969449705451,8.514109917916358
20260930_203610,nestml,1,False,True,128,10.0,0.1,50.0,32,32,1000,3.176470588235294,3.0384615384615383,0.6624501344361892,9.569951270706952
20260930_204117,builtin,1,False,,128,10.0,0.1,50.0,32,32,1000,3.176470588235294,3.269230769230769,0.6475969449705451,8.437222370877862
20260930_204132,nestml,1,False,True,128,10.0,0.1,50.0,32,32,1000,3.176470588235294,3.0384615384615383,0.6624501344361892,9.719261342659593
