reference_profile,nestml_profile,reference_cores_used,nestml_cores_used,reference_active_cores,nestml_active_cores,reference_execution_time_s,nestml_execution_time_s,reference_execution_energy_J,nestml_execution_energy_J,execution_energy_difference_J,execution_energy_relative_difference_percent,reference_active_only_energy_J,nestml_active_only_energy_J,reference_total_energy_J,nestml_total_energy_J
/users/elmali/nestml/reports/2026-09-14-14-46-23-604762/run_1/sample_profile.json,/users/elmali/nestml/reports/2026-09-14-15-24-35-799979/run_1/sample_profile.json,28,43,19,34,2.0,2.0,7.18763348,7.30707412,0.11944064000000054,1.6617519567789723,2.1676334799999997,2.98707412,38.563039554,119.02805287400001
/users/elmali/nestml/reports/2026-09-15-15-28-22-497380/run_1/sample_profile.json,/users/elmali/nestml/reports/2026-09-15-15-28-36-082389/run_1/sample_profile.json,43,43,34,34,2.0,2.0,7.30705168,7.34091976,0.03386808000000041,0.4634985693710108,2.98705168,3.02091976,53.313254126000004,235.280064076
/users/elmali/nestml/reports/2026-09-15-15-41-25-922378/run_1/sample_profile.json,/users/elmali/nestml/reports/2026-09-15-15-41-43-542266/run_1/sample_profile.json,59,59,50,50,2.0,2.0,7.55725462,7.6836758000000005,0.12642118000000035,1.6728453169413044,3.23725462,3.3636757999999998,73.131419854,913.1701619759998
/users/elmali/nestml/reports/2026-09-15-15-55-19-323746/run_1/sample_profile.json,/users/elmali/nestml/reports/2026-09-15-15-55-35-244387/run_1/sample_profile.json,43,43,34,34,2.0,2.0,7.4466927400000005,7.52793472,0.08124197999999971,1.0909806921884588,3.1266927399999997,3.20793472,67.191841046,577.266811056
/users/elmali/nestml/reports/2026-09-15-16-28-53-433129/run_1/sample_profile.json,/users/elmali/nestml/reports/2026-09-15-16-29-30-086193/run_1/sample_profile.json,43,43,34,34,2.0,2.0,7.76750178,7.9035215,0.13601972000000018,1.751138575213821,3.44750178,3.5835215,142.243213602,1537.9889197460002
/users/elmali/nestml/reports/2026-09-16-11-43-34-415665/run_1/sample_profile.json,/users/elmali/nestml/reports/2026-09-16-11-43-53-586331/run_1/sample_profile.json,43,43,34,34,2.0,2.0,7.76794106,8.0615926,0.2936515400000008,3.7803008253000416,3.44794106,3.7415925999999997,79.69340347400001,1529.860105958
/users/elmali/nestml/reports/2026-09-16-11-57-34-550321/run_1/sample_profile.json,/users/elmali/nestml/reports/2026-09-16-11-57-51-657598/run_1/sample_profile.json,27,27,18,18,5.0,5.0,18.58874764,18.70698638,0.1182387399999989,0.636076955209011,6.0387476399999995,6.156986379999999,66.915192984,457.157759498
/users/elmali/nestml/reports/2026-09-16-12-36-59-195977/run_1/sample_profile.json,/users/elmali/nestml/reports/2026-09-16-12-37-13-204969/run_1/sample_profile.json,27,27,18,18,2.0,2.0,7.4433831800000005,7.48135948,0.03797629999999952,0.51020213633553,2.4233831799999996,2.4613594799999996,55.21088966800001,442.20944364
/users/elmali/nestml/reports/2026-09-16-13-01-56-768114/run_1/sample_profile.json,/users/elmali/nestml/reports/2026-09-16-13-02-37-143284/run_1/sample_profile.json,43,43,34,34,2.0,2.0,8.74619144,8.51647792,-0.22971352000000067,2.6264405664552966,4.42619144,4.19647792,161.15926959200002,4930.549507746
