reference_profile,nestml_profile,reference_core_count,nestml_core_count,reference_mean_activity_percent,nestml_mean_activity_percent,mean_difference_percentage_points,mean_relative_difference_percent,reference_median_activity_percent,nestml_median_activity_percent,reference_max_activity_percent,nestml_max_activity_percent
/users/elmali/nestml/reports/2026-09-14-14-46-23-604762/run_1/sample_profile.json,/users/elmali/nestml/reports/2026-09-14-15-24-35-799979/run_1/sample_profile.json,19,34,0.9909157894736839,2.417494117647059,1.4265783281733748,143.9656470638226,0.6206,1.8003,6.337,3.7206
/users/elmali/nestml/reports/2026-09-15-15-28-22-497380/run_1/sample_profile.json,/users/elmali/nestml/reports/2026-09-15-15-28-36-082389/run_1/sample_profile.json,34,34,2.416664705882353,3.0078411764705884,0.5911764705882354,24.462494492896145,1.7981,2.1218,3.7146,4.9364
/users/elmali/nestml/reports/2026-09-15-15-41-25-922378/run_1/sample_profile.json,/users/elmali/nestml/reports/2026-09-15-15-41-43-542266/run_1/sample_profile.json,50,50,4.586288,6.0764879999999994,1.4901999999999997,32.492508102413105,5.843999999999999,8.0825,5.9846,8.331
/users/elmali/nestml/reports/2026-09-15-15-55-19-323746/run_1/sample_profile.json,/users/elmali/nestml/reports/2026-09-15-15-55-35-244387/run_1/sample_profile.json,34,34,4.836764705882353,6.243464705882353,1.4066999999999998,29.083490422620855,3.4148,4.1884999999999994,7.8292,10.8188
/users/elmali/nestml/reports/2026-09-15-16-28-53-433129/run_1/sample_profile.json,/users/elmali/nestml/reports/2026-09-15-16-29-30-086193/run_1/sample_profile.json,34,34,10.383517647058822,12.740582352941175,2.357064705882353,22.700059710015534,6.9864,7.875300000000001,17.5356,22.4892
/users/elmali/nestml/reports/2026-09-16-11-43-34-415665/run_1/sample_profile.json,/users/elmali/nestml/reports/2026-09-16-11-43-53-586331/run_1/sample_profile.json,34,34,10.390770588235293,15.470723529411764,5.079952941176471,48.88908765754225,6.9894,9.6144,17.5156,28.654000000000003
/users/elmali/nestml/reports/2026-09-16-11-57-34-550321/run_1/sample_profile.json,/users/elmali/nestml/reports/2026-09-16-11-57-51-657598/run_1/sample_profile.json,18,18,9.14680888888889,10.70052888888889,1.5537200000000002,16.986470569942547,7.2892399999999995,8.07344,15.64952,19.16024
/users/elmali/nestml/reports/2026-09-16-12-36-59-195977/run_1/sample_profile.json,/users/elmali/nestml/reports/2026-09-16-12-37-13-204969/run_1/sample_profile.json,18,18,9.4031,10.644455555555556,1.2413555555555558,13.201556460694405,7.513999999999999,8.0257,16.2056,19.0148
/users/elmali/nestml/reports/2026-09-16-13-01-56-768114/run_1/sample_profile.json,/users/elmali/nestml/reports/2026-09-16-13-02-37-143284/run_1/sample_profile.json,34,34,27.31709411764706,23.339929411764704,-3.9771647058823554,-14.559252491329506,16.4933,13.0063,49.2396,40.945
