implementation,use_static_synapses,use_exp_luts,N,g,p_conn,rate_ext_input,neurons_per_core,poisson_generators_per_core,t_sim,number_of_runs,mean_core_activity_percent_mean,mean_core_activity_percent_median,mean_core_activity_percent_std,mean_core_activity_percent_variance,mean_core_activity_percent_min,mean_core_activity_percent_max,sum_core_activity_percent_mean,sum_core_activity_percent_median,sum_core_activity_percent_std,sum_core_activity_percent_variance,sum_core_activity_percent_min,sum_core_activity_percent_max
builtin,False,,128,10.0,0.1,50.0,32,32,1000,15,2.9221840000000006,2.93204,0.021768657941440357,0.00047387446857143436,2.8924,2.9422,29.22184,29.3204,0.2176865794144033,0.047387446857143314,28.924,29.422
builtin,False,,256,10.0,0.1,50.0,32,32,1000,15,3.073562962962963,3.0726,0.005002127707192217,2.502128159906007e-05,3.067733333333333,3.0802,55.32413333333332,55.3068,0.09003829872945827,0.008106895238095168,55.2192,55.4436
builtin,False,,512,10.0,0.1,50.0,32,32,1000,15,3.16155294117647,3.1609764705882357,0.0028201800863116343,7.953415719228696e-06,3.1581999999999995,3.1656117647058823,107.49280000000002,107.47320000000003,0.09588612293459833,0.009194148571428905,107.3788,107.63080000000002
nestml,False,False,128,10.0,0.1,50.0,32,32,1000,15,4.006789333333334,4.01656,0.06440799323361157,0.004148389592380955,3.92568,4.0777600000000005,40.06789333333334,40.1656,0.6440799323361185,0.41483895923809894,39.25679999999999,40.77760000000001
nestml,False,False,256,10.0,0.1,50.0,32,32,1000,15,4.030336296296296,4.022088888888889,0.015827861191212964,0.0002505211898883055,4.016911111111112,4.052066666666667,72.54605333333333,72.39759999999998,0.2849015014418324,0.08116886552381042,72.30440000000002,72.9372
nestml,False,False,512,10.0,0.1,50.0,32,32,1000,15,4.0368635294117645,4.032070588235294,0.007776030448139716,6.046664953039595e-05,4.030611764705884,4.047929411764706,137.25336000000004,137.09040000000005,0.26438503523676404,0.06989944685714497,137.04080000000005,137.62960000000004
nestml,False,True,128,10.0,0.1,50.0,32,32,1000,15,3.5729946666666663,3.57792,0.016895956349149914,0.00028547334095237935,3.55052,3.5907600000000004,35.72994666666667,35.7792,0.16895956349149865,0.028547334095237766,35.5052,35.9076
nestml,False,True,256,10.0,0.1,50.0,32,32,1000,15,3.777442962962964,3.7759333333333336,0.0033645675961050756,1.1320315108760287e-05,3.773111111111111,3.7825777777777776,67.99397333333333,67.9668,0.0605622167298917,0.0036677820952383737,67.916,68.0864
nestml,False,True,512,10.0,0.1,50.0,32,32,1000,15,3.8934352941176473,3.8939882352941178,0.0018256479967419406,3.3329906080078612e-06,3.890729411764706,3.8954470588235295,132.37680000000003,132.39560000000003,0.0620720318892269,0.003852937142857201,132.28480000000002,132.44520000000003
