builtin_timestamp,implementation,exc_relative_difference,inh_relative_difference,cv_absolute_difference,execution_time_difference
20260917_151725,nestml,0.013671874999999951,0.16379310344827588,0.02295981016896742,13.6891526482068
20260917_151944,nestml,0.07617187500000008,0.17241379310344826,0.06466304130142331,4.816406657453626
20260917_152319,nestml,0.7585185185185184,0.5963114754098362,0.06449583894730793,21.79515793872997
20260917_152655,nestml,0.15604938271604932,0.1475409836065574,0.07193399416319746,21.64321365719661
20260917_153218,nestml,0.14919210053859955,0.004551365409622871,0.039628116293689675,77.03175788698718
20260917_153609,nestml,0.036265709156193995,0.06176853055916777,0.027939015304313086,76.20618403097615
20260921_103816,nestml,0.07271095152603234,0.032509752925877766,0.062323793377930814,78.48080713488162
20260921_114827,nestml,0.047935368043087914,0.0682704811443433,0.09118454240178087,77.89357721386477
20260921_115642,nestml,0.008078994614003564,0.04161248374512351,0.008895884159247469,74.70738235907629
