implementation,use_static_synapses,use_exp_luts,N,g,p_conn,rate_ext_input,neurons_per_core,poisson_generators_per_core,t_sim,cores_used,active_cores,number_of_runs,execution_energy_J_mean,execution_energy_J_median,execution_energy_J_std,execution_energy_J_variance,execution_energy_J_min,execution_energy_J_max,execution_energy_active_only_J_mean,execution_energy_active_only_J_median,execution_energy_active_only_J_std,execution_energy_active_only_J_variance,execution_energy_active_only_J_min,execution_energy_active_only_J_max,execution_energy_ignoring_frame_J_mean,execution_energy_ignoring_frame_J_median,execution_energy_ignoring_frame_J_std,execution_energy_ignoring_frame_J_variance,execution_energy_ignoring_frame_J_min,execution_energy_ignoring_frame_J_max,mapping_time_s_mean,mapping_time_s_median,mapping_time_s_std,mapping_time_s_variance,mapping_time_s_min,mapping_time_s_max,mapping_energy_J_mean,mapping_energy_J_median,mapping_energy_J_std,mapping_energy_J_variance,mapping_energy_J_min,mapping_energy_J_max,data_spec_time_s_mean,data_spec_time_s_median,data_spec_time_s_std,data_spec_time_s_variance,data_spec_time_s_min,data_spec_time_s_max,data_spec_energy_J_mean,data_spec_energy_J_median,data_spec_energy_J_std,data_spec_energy_J_variance,data_spec_energy_J_min,data_spec_energy_J_max,saving_time_s_mean,saving_time_s_median,saving_time_s_std,saving_time_s_variance,saving_time_s_min,saving_time_s_max,saving_energy_J_mean,saving_energy_J_median,saving_energy_J_std,saving_energy_J_variance,saving_energy_J_min,saving_energy_J_max,other_time_s_mean,other_time_s_median,other_time_s_std,other_time_s_variance,other_time_s_min,other_time_s_max,other_energy_J_mean,other_energy_J_median,other_energy_J_std,other_energy_J_variance,other_energy_J_min,other_energy_J_max,total_energy_J_mean,total_energy_J_median,total_energy_J_std,total_energy_J_variance,total_energy_J_min,total_energy_J_max
builtin,False,,128,10.0,0.1,50.0,32,32,1000,19,10,15,3.5906767039999994,3.5907513,0.00017761988083704643,3.154882206856657e-08,3.5904113,3.59085126,0.380676704,0.3807512999999999,0.0001776198808370561,3.154882206857001e-08,0.3804113,0.3808512599999999,3.5906767039999994,3.5907513,0.00017761988083704643,3.154882206856657e-08,3.5904113,3.59085126,1.7117274666666664,1.704445,0.09974460530837652,0.009948986288123813,1.5496379999999998,1.911625,6.093749781333334,6.0678242,0.3550907948978203,0.1260894726211659,5.516711279999999,6.805384999999999,3.5667315333333334,3.561662,0.13331029261617242,0.01777163411740951,3.39525,3.955104,12.817034970533335,12.797985790000002,0.4736261476204447,0.2243217277097833,12.201404528,14.192799898,0.6120772666666666,0.604884,0.048867707965290864,0.002388052881780952,0.554532,0.7027140000000001,2.5327757294666666,2.503009992,0.20221457556037362,0.040890734569062046,2.294653416,2.907830532,3.865390866666666,3.878578000000001,0.09292000262888685,0.008634126888552338,3.660794,4.016232999999999,13.760791485333332,13.807737680000002,0.33079520935883705,0.10942547053475683,13.03242664,14.297789479999995,38.79502867066667,38.666070914,0.7151085447826376,0.5113802308211417,37.586402922,40.394209892
builtin,False,,256,10.0,0.1,50.0,32,32,1000,27,18,15,3.624752229333333,3.62471322,0.00011157066764205682,1.2448013878094306e-08,3.62459966,3.62494306,1.1147522293333334,1.1147132199999998,0.00011157066764209046,1.2448013878101812e-08,1.11459966,1.11494306,3.624752229333333,3.62471322,0.00011157066764205682,1.2448013878094306e-08,3.62459966,3.62494306,1.8535493333333335,1.678176,0.5258931798754608,0.27656363663952377,1.504718,3.206898,6.598635626666666,5.97430656,1.8721797203566408,3.5050569053146696,5.3567960800000005,11.416556880000002,11.373632733333334,10.365934,2.581008527675276,6.661605019932495,9.875905,17.886781,44.71580209666668,40.693951888,10.319000389864039,106.48176904601418,38.880060904,70.884043168,0.8484269999999999,0.833558,0.06379668517586609,0.004070017039428572,0.772951,0.982259,3.510790926,3.449263004,0.2639906832577338,0.06969108084688512,3.1984712380000007,4.0645877420000005,12.206122666666666,12.008529,2.190857045294005,4.799854592914377,10.047006,17.468262,43.453796693333324,42.75036324,7.799451081246656,60.83143716875963,35.76734136,62.18701272,101.90377757200001,95.66844594,19.616122146818487,384.7922480789027,87.627306534,149.128487874
builtin,False,,512,10.0,0.1,50.0,32,32,1000,43,34,15,3.6749721786666667,3.67495774,0.0001206295759674526,1.455149459808742e-08,3.67478536,3.6751733,1.5149721786666666,1.5149577399999998,0.0001206295759674692,1.4551494598091423e-08,1.51478536,1.5151732999999998,3.6749721786666667,3.67495774,0.0001206295759674526,1.455149459808742e-08,3.67478536,3.6751733,1.7483642000000001,1.735259,0.08225244879133646,0.006765465332171426,1.636146,1.983647,6.224176552,6.17752204,0.2928187176971579,0.08574280143380786,5.82467976,7.06178332,35.99462186666667,36.036526,0.9340332994110518,0.8724182044086957,33.906002,37.201936,145.511504222,145.69040755,3.8581144243616183,14.88504691146718,136.900608064,150.60323576000002,1.2414763333333334,1.210644,0.07477095170554125,0.005590695218952382,1.165814,1.443622,5.137229067333335,5.009644872,0.30940219815752984,0.09572972022471136,4.824138332,5.973707836000001,37.80588293333333,38.022646,0.9064865673661976,0.8217178968153519,35.876231999999995,39.14791099999999,134.58894324266666,135.36061976,3.2270921798236634,10.414123937079042,127.71938591999998,139.36656315999997,295.1368252626666,296.653821712,7.017381020427462,49.24363638585557,280.034477104,304.841139946
nestml,False,False,128,10.0,0.1,50.0,32,32,1000,19,10,15,3.5998846746666664,3.5999653,0.0005458079490321611,2.979063172266941e-07,3.59919486,3.60051406,0.38988467466666665,0.3899652999999999,0.0005458079490321342,2.979063172266648e-07,0.38919486,0.39051406,3.5998846746666664,3.5999653,0.0005458079490321611,2.979063172266941e-07,3.59919486,3.60051406,1.8240441333333335,1.7563760000000002,0.4523754933205168,0.20464358695698093,1.5066989999999998,3.378259,6.493597114666668,6.252698560000001,1.6104567562210397,2.5935709636579936,5.363848439999999,12.02660204,4.861311400000001,4.610597,1.1664310560333664,1.3605614084791144,3.948811,9.010833,17.445672049733336,16.541491642,4.204084807799424,17.674329071169918,14.153156812,32.401868624,0.8007844666666666,0.6079640000000001,0.5877502540113527,0.3454503610904096,0.565303,2.842326,3.313646123066667,2.5157550320000004,2.4321105510989773,5.915161732766971,2.3392238140000003,11.761544988,4.3960094,4.117385999999999,1.0777544260828884,1.1615546029412562,3.679912000000001,8.236728999999999,15.649793464,14.657894159999996,3.836805756855084,14.721078415836313,13.100486720000005,29.32275524,46.50259342613334,44.188819464000005,10.058849685568456,101.18045699686061,42.09806689,82.422540472
nestml,False,False,256,10.0,0.1,50.0,32,32,1000,27,18,15,3.639382769333333,3.63923768,0.0002584588691087412,6.68009870209694e-08,3.63912038,3.63978848,1.1293827693333331,1.12923768,0.0002584588691087348,6.680098702096609e-08,1.1291203799999998,1.1297884799999998,3.639382769333333,3.63923768,0.0002584588691087412,6.68009870209694e-08,3.63912038,3.63978848,1.6872890666666664,1.69834,0.11601227945380037,0.013458848984066673,1.507535,1.889842,6.006749077333333,6.0460904,0.41300371485552934,0.1705720684844674,5.3668246,6.7278375200000005,16.77401126666667,16.390833,0.9261385952688158,0.8577326976464954,15.475936,19.03755,66.23951272866667,64.649573692,3.784195928721588,14.320138826953043,60.93171600000001,75.60620224,1.1141234666666666,0.830491,0.7412744748264752,0.5494878470292667,0.776057,2.944512,4.610242905066667,3.436571758,3.0673937768319544,9.408904582147402,3.2113238660000003,12.184390656,16.42025606666667,15.755828,1.3783415318832817,1.8998253785143515,13.792324,19.486762,58.45611159733334,56.09074768000001,4.9068958535044835,24.077626917139494,49.10067344,69.37287272,138.95199907773335,134.07988265400002,10.687443139542943,114.2214408609635,122.359230346,167.29812426200002
nestml,False,False,512,10.0,0.1,50.0,32,32,1000,43,34,15,3.700320402666667,3.70019798,0.00024233331436172636,5.872543524953929e-08,3.70005178,3.70077632,1.5403204026666666,1.54019798,0.0002423333143616989,5.872543524952598e-08,1.54005178,1.54077632,3.700320402666667,3.70019798,0.00024233331436172636,5.872543524953929e-08,3.70005178,3.70077632,1.8130938,1.7754869999999998,0.09922574143782308,0.00984574776388572,1.705124,2.066122,6.454613928,6.32073372,0.35324363951865007,0.124781068860382,6.07024144,7.35539432,52.7926002,52.322734,2.1137639616308075,4.467998085489166,50.42487100000001,56.68412,212.8655476628,211.20364785,8.570826173251373,73.45906129209077,203.27785175,228.622981152,1.2565241333333332,1.251688,0.052441389363836695,0.002750099318409524,1.154168,1.339788,5.199496863733334,5.179484944000001,0.21700246918755658,0.04709007163349644,4.775947184,5.544042744,50.94129853333333,50.55336200000001,1.847108295233421,3.411809054320115,48.322239,53.752672,181.35102277866665,179.96996872000005,6.5757055310309775,43.239903230831395,172.02717084000005,191.35951232,409.5710016358667,404.014915628,14.577214555239683,212.49518418949168,393.60635610200006,435.1233417440001
nestml,False,True,128,10.0,0.1,50.0,32,32,1000,19,10,15,3.596202202666667,3.59623992,0.0001444668800138447,2.0870679420934604e-08,3.5960026000000003,3.59636436,0.38620220266666666,0.3862399199999999,0.00014446688001389904,2.08706794209503e-08,0.3860026,0.3863643599999999,3.596202202666667,3.59623992,0.0001444668800138447,2.0870679420934604e-08,3.5960026000000003,3.59636436,1.6995071333333336,1.689906,0.1078258178584243,0.01162640699683809,1.5201380000000002,1.959651,6.050245394666667,6.01606536,0.38385991157599025,0.14734843171512707,5.411691280000001,6.976357559999999,5.298097866666667,4.952336000000001,0.6430626609125903,0.4135295858599811,4.629675,6.425941,19.002576725466668,17.757518932000004,2.2945754221502392,5.265076367935949,16.605587586,23.013851536,0.9510453333333333,0.6341359999999999,0.8008651511411775,0.641384990312381,0.573724,3.083593,3.9354255893333336,2.624054768,3.3139799954221916,10.98246341005847,2.3740699120000004,12.759907834,5.340352133333332,5.394892,1.442227268942126,2.0800194952802635,4.090045,9.979289999999995,19.011653594666665,19.20581552,5.1343290774339705,26.36133507538397,14.5605602,35.52627239999999,51.5961035068,49.092654102,7.549375114537694,56.99306462000103,47.059007306,77.806401666
nestml,False,True,256,10.0,0.1,50.0,32,32,1000,27,18,15,3.635520142666667,3.63553576,7.921358608816479e-05,6.274792220947094e-09,3.63539466,3.63567992,1.1255201426666663,1.1255357599999998,7.921358608823357e-05,6.274792220957991e-09,1.1253946599999998,1.1256799199999998,3.635520142666667,3.63553576,7.921358608816479e-05,6.274792220947094e-09,3.63539466,3.63567992,1.6439781333333334,1.565582,0.2564611444925128,0.06577231863440951,1.438472,2.446363,5.852562154666667,5.57347192,0.9130016743933455,0.8335720574450525,5.12096032,8.70905228,16.829848733333332,16.444111000000003,1.486534148376612,2.209783774289779,15.094226,21.398849,66.52185495346666,64.88969699200001,5.937923727389084,35.25893819229027,60.06452317400001,84.984405352,0.8276451333333334,0.8070660000000001,0.07744079806247077,0.005997077204552378,0.734361,1.007442,3.424795561733333,3.3396391080000005,0.320450022382504,0.1026882168449473,3.0387858180000005,4.168794996,16.2999336,16.031941000000003,1.1858425653834725,1.4062225898752556,15.273314,19.922624,58.027763616,57.07370996000001,4.221599532765164,17.82190261504305,54.37299784,70.92454144,137.46249642853334,132.94427642800002,10.605294825391661,112.47227833347914,129.177351668,171.42945057
nestml,False,True,512,10.0,0.1,50.0,32,32,1000,43,34,15,3.696168322666667,3.69614484,0.00010425869607216196,1.086987570666744e-08,3.69596974,3.69631858,1.5361683226666665,1.53614484,0.00010425869607212316,1.0869875706659349e-08,1.53596974,1.53631858,3.696168322666667,3.69614484,0.00010425869607216196,1.086987570666744e-08,3.69596974,3.69631858,1.6214800666666667,1.58604,0.08911357903938948,0.007941229969209516,1.512893,1.827635,5.772469037333333,5.6463024,0.3172443413802266,0.10064397213777378,5.385899080000001,6.5063806,56.629366133333335,49.328166,26.536541196225446,704.1880186589702,48.726237000000005,152.464014,228.81840741320002,198.701746044,109.71343072877744,12037.036882278246,196.16859058,625.053396006,1.495789466666667,1.2431199999999998,0.5857720248387552,0.34312886508369533,1.142019,3.223795,6.189576813066667,5.144030559999999,2.4239246387827693,5.87541065449818,4.725674622,13.34006371,54.255417933333334,46.704414,26.367168832233013,695.2275922274799,46.055079000000006,149.14377899999997,193.14928784266664,166.26771384,93.86712104274952,8811.03641285419,163.95608124000003,530.9518532399999,437.6259094289333,380.128247028,203.89495088425514,41573.150996092816,374.674116388,1172.827511816
