implementation,use_static_synapses,use_exp_luts,N,g,p_conn,rate_ext_input,neurons_per_core,poisson_generators_per_core,t_sim,seed,cores_used,active_cores,number_of_runs,execution_energy_J_mean,execution_energy_J_median,execution_energy_J_std,execution_energy_J_variance,execution_energy_J_min,execution_energy_J_max,execution_energy_active_only_J_mean,execution_energy_active_only_J_median,execution_energy_active_only_J_std,execution_energy_active_only_J_variance,execution_energy_active_only_J_min,execution_energy_active_only_J_max,execution_energy_ignoring_frame_J_mean,execution_energy_ignoring_frame_J_median,execution_energy_ignoring_frame_J_std,execution_energy_ignoring_frame_J_variance,execution_energy_ignoring_frame_J_min,execution_energy_ignoring_frame_J_max,mapping_time_s_mean,mapping_time_s_median,mapping_time_s_std,mapping_time_s_variance,mapping_time_s_min,mapping_time_s_max,mapping_energy_J_mean,mapping_energy_J_median,mapping_energy_J_std,mapping_energy_J_variance,mapping_energy_J_min,mapping_energy_J_max,data_spec_time_s_mean,data_spec_time_s_median,data_spec_time_s_std,data_spec_time_s_variance,data_spec_time_s_min,data_spec_time_s_max,data_spec_energy_J_mean,data_spec_energy_J_median,data_spec_energy_J_std,data_spec_energy_J_variance,data_spec_energy_J_min,data_spec_energy_J_max,saving_time_s_mean,saving_time_s_median,saving_time_s_std,saving_time_s_variance,saving_time_s_min,saving_time_s_max,saving_energy_J_mean,saving_energy_J_median,saving_energy_J_std,saving_energy_J_variance,saving_energy_J_min,saving_energy_J_max,other_time_s_mean,other_time_s_median,other_time_s_std,other_time_s_variance,other_time_s_min,other_time_s_max,other_energy_J_mean,other_energy_J_median,other_energy_J_std,other_energy_J_variance,other_energy_J_min,other_energy_J_max,total_energy_J_mean,total_energy_J_median,total_energy_J_std,total_energy_J_variance,total_energy_J_min,total_energy_J_max
builtin,False,,128,10.0,0.1,50.0,32,32,1000,100,19,10,5,3.5907549039999997,3.5907513,1.4474179769627773e-05,2.0950188000350192e-10,3.59074416,3.5907802,0.38075490399999995,0.3807512999999999,1.4474179769470581e-05,2.0950187999895145e-10,0.38074416,0.3807801999999999,3.5907549039999997,3.5907513,1.4474179769627773e-05,2.0950188000350192e-10,3.59074416,3.5907802,1.7042476,1.704445,0.07614309054536735,0.00579777023780001,1.6007009999999997,1.782158,6.067121456000001,6.0678242,0.27106940234150806,0.07347862088578239,5.698495559999999,6.344482480000001,3.5500901999999996,3.54786,0.049675055069924104,0.0024676110961999926,3.496084,3.625428,12.757474078000001,12.75436838,0.1793297736973104,0.032159167734328566,12.56192781,13.031791886,0.6142982,0.604884,0.05348427809366041,0.0028605680032000027,0.55867,0.7027140000000001,2.5419659516,2.503009992,0.22131794275156674,0.04898163178378578,2.31177646,2.907830532,3.8844592,3.853079999999999,0.07936438679092712,0.006298705890699887,3.818645000000001,4.016232999999999,13.828674752000001,13.716964799999996,0.28253721697569983,0.07982727897637369,13.594376200000005,14.297789479999995,38.7859911416,39.06266051200001,0.5307945879748646,0.28174289462340624,38.11596983,39.292131428
builtin,False,,128,10.0,0.1,50.0,32,32,1000,200,19,10,5,3.5908359599999997,3.59083834,1.1592454442413957e-05,1.3438499999944307e-10,3.59082372,3.59085126,0.38083596,0.38083834,1.1592454442419246e-05,1.3438499999956573e-10,0.38082372,0.3808512599999999,3.5908359599999997,3.59083834,1.1592454442413957e-05,1.3438499999944307e-10,3.59082372,3.59085126,1.7082107999999998,1.6817709999999997,0.13286583530840426,0.017653330192200004,1.5496379999999998,1.911625,6.0812304479999995,5.987104759999999,0.4730023736979191,0.22373124552386592,5.516711279999999,6.805384999999999,3.5765354,3.580599,0.09424641887520176,0.008882387470799986,3.439026,3.702578,12.8559265928,12.868398562,0.33237217024061316,0.11047125955045516,12.36828631,13.296049978,0.6159142,0.614386,0.04990800914883302,0.0024908093772,0.554532,0.690562,2.5486529596000005,2.542329268,0.20651934185787107,0.042650238561408226,2.294653416,2.8575455560000003,3.8884908000000005,3.927023000000001,0.13204996668761415,0.01743719370220001,3.660794,3.980336999999999,13.843027248000002,13.980201880000005,0.4700978814079064,0.22099201810420205,13.03242664,14.169999719999996,38.9196732084,38.980140496,0.6265424019266697,0.3925553814120405,37.998379998,39.604352614
builtin,False,,128,10.0,0.1,50.0,32,32,1000,300,19,10,5,3.590439248,3.59044666,1.5753047959070227e-05,2.481585200007666e-10,3.5904113,3.59044836,0.38043924799999995,0.38044666,1.5753047959031467e-05,2.481585199995455e-10,0.3804113,0.38044836,3.590439248,3.59044666,1.5753047959070227e-05,2.481585200007666e-10,3.5904113,3.59044836,1.722724,1.7868539999999995,0.10551683614239007,0.011133802709499997,1.575546,1.814222,6.132897440000001,6.361200239999999,0.37563993666690826,0.14110536201911886,5.608943760000001,6.458630319999999,3.573569,3.480837,0.22433450455736847,0.05032596993499997,3.39525,3.955104,12.837704240799999,12.513478198,0.7972681628726854,0.6356365235303868,12.201404528,14.192799898,0.6060194000000001,0.590683,0.05418825765145061,0.002936367267299996,0.5597530000000001,0.6968479999999999,2.5077082772,2.444246254,0.22423101016170266,0.0502795459181376,2.3162579140000004,2.883557024,3.8232226000000002,3.800368,0.05602973143608664,0.003139330804799995,3.761688000000001,3.886539,13.610672456,13.52931008,0.19946584391246827,0.03978662288771316,13.391609280000004,13.83607884,38.679421661999996,38.531489562,1.0388955116490288,1.0793038841244975,37.586402922,40.394209892
builtin,False,,256,10.0,0.1,50.0,32,32,1000,100,27,18,5,3.6248794799999997,3.62491178,7.35681751847379e-05,5.412276400012285e-09,3.6247819,3.62494306,1.11487948,1.11491178,7.356817518468529e-05,5.412276400004546e-09,1.1147819,1.11494306,3.6248794799999997,3.62491178,7.35681751847379e-05,5.412276400012285e-09,3.6247819,3.62494306,1.6157868,1.66824,0.08932360499442468,0.00797870640920001,1.504718,1.6942980000000003,5.752201008,5.9389344,0.3179920337801518,0.10111893354763721,5.3567960800000005,6.031700880000002,10.1682912,10.244901,0.2023180284853533,0.04093258465020023,9.875905,10.344091,39.9213128644,40.190220398,0.7682476507263433,0.5902044528465454,38.880060904,40.611824596000005,0.8257724,0.828658,0.025046085917763677,0.0006273064198,0.787427,0.857649,3.4170461912,3.428986804,0.10364070352770618,0.01074139542771789,3.258372926,3.548951562,10.916082,10.875212,0.773301024712563,0.5979944748215,10.047006,12.143469,38.86125192000001,38.71575472000001,2.7529516479767255,7.578742776097769,35.76734136,43.230749640000006,91.57669146359999,92.307945442,3.2547345646932437,10.593297086608919,87.627306534,95.937908512
builtin,False,,256,10.0,0.1,50.0,32,32,1000,200,27,18,5,3.624715192,3.62470404,4.637816857093102e-05,2.1509345199936936e-09,3.62468194,3.62479448,1.1147151919999998,1.11470404,4.6378168570943956e-05,2.150934519994894e-09,1.11468194,1.1147944799999998,3.624715192,3.62470404,4.637816857093102e-05,2.1509345199936936e-09,3.62468194,3.62479448,1.8774304000000002,1.584643,0.6495067588295751,0.4218590297652999,1.560774,3.038366,6.683652223999999,5.64132908,2.3122440614332875,5.346472599633505,5.556355440000001,10.81658296,11.903457,10.449153,3.139086132162592,9.8538617451355,10.07341,17.473679,46.8066487136,40.96262994599999,12.497572267878626,156.18931259084889,39.508485498,68.976043054,0.8306706,0.834549,0.03540155752647048,0.0012532702752999984,0.772951,0.869564,3.4373149428000005,3.453363762,0.14649164504453482,0.021459802067853983,3.1984712380000007,3.5982558320000004,12.726434000000001,12.008529,2.8663007899393596,8.215680218406996,10.175057,17.468262,45.30610504,42.75036324,10.20403081218412,104.1222448160029,36.223202920000006,62.18701272,105.8584361124,95.012111916,24.667945507166593,608.5075355445405,89.811590244,149.05360577800002
builtin,False,,256,10.0,0.1,50.0,32,32,1000,300,27,18,5,3.624662016,3.62464726,6.225881849194117e-05,3.876160480012476e-09,3.62459966,3.62476694,1.1146620159999998,1.11464726,6.225881849173642e-05,3.8761604799869815e-09,1.11459966,1.1147669399999998,3.624662016,3.62464726,6.225881849194117e-05,3.876160480012476e-09,3.62459966,3.62476694,2.0674308,1.824473,0.6399818203134365,0.40957673033169983,1.691407,3.206898,7.360053648,6.49512388,2.2783352803158357,5.190811649531837,6.02140892,11.416556880000002,12.049150000000001,10.727574999999998,3.268557221636635,10.683466311113,10.362454,17.886781,47.419444712,42.0959731,13.136632451306454,172.57111216071783,40.672372888,70.884043168,0.888838,0.902495,0.09637178523302349,0.009287520989000004,0.78077,0.982259,3.678011644,3.73452431,0.39878644729425106,0.15903063054557046,3.23082626,4.0645877420000005,12.975851999999998,12.259815999999995,2.196941354967968,4.826551317168493,11.270551,16.825752999999995,46.19403311999999,43.64494495999999,7.821111223685966,61.16978077326659,40.12316156,59.89968067999998,108.27620514,98.872521458,22.89218654216802,524.0522046814186,95.66844594,149.128487874
builtin,False,,512,10.0,0.1,50.0,32,32,1000,100,43,34,5,3.675098432,3.67514202,7.808327810737924e-05,6.0969983199943296e-09,3.67500466,3.6751733,1.5150984319999998,1.51514202,7.808327810737914e-05,6.096998319994315e-09,1.51500466,1.5151732999999998,3.675098432,3.67514202,7.808327810737924e-05,6.0969983199943296e-09,3.67500466,3.6751733,1.7349658000000001,1.735259,0.02545545331947557,0.0006479801036999998,1.706719,1.773229,6.1764782480000004,6.17752204,0.09062141381733314,0.008212240642252339,6.07591964,6.31269524,35.9163856,36.015149,1.2954605872091598,1.6782181330123014,33.906002,37.201936,145.1874276188,145.46694837599998,5.359695188059086,28.726332508903717,136.900608064,150.60323576000002,1.2670208,1.2074269999999998,0.11154851245848149,0.012443070631700002,1.181961,1.443622,5.2429320704,4.996332925999999,0.46158774455319673,0.2130632459217072,4.890954618,5.973707836000001,37.8437492,38.022646,1.2859639510494463,1.6537032833987024,35.876231999999995,39.14791099999999,134.723747152,135.36061976,4.578031665736025,20.958373932481763,127.71938591999998,139.36656315999997,295.0056835212,296.653821712,9.735475590672687,94.77948497658372,280.034477104,304.841139946
builtin,False,,512,10.0,0.1,50.0,32,32,1000,200,43,34,5,3.67493836,3.67490878,8.510567431142486e-05,7.242975800002322e-09,3.67485064,3.67502948,1.51493836,1.5149087799999998,8.51056743114262e-05,7.242975800002549e-09,1.51485064,1.51502948,3.67493836,3.67490878,8.510567431142486e-05,7.242975800002322e-09,3.67485064,3.67502948,1.785512,1.747791,0.1324235516949307,0.017535997043499986,1.636146,1.983647,6.35642272,6.222135959999999,0.47142784403395355,0.2222442121305016,5.82467976,7.06178332,35.8080774,35.680076,1.0011971887711728,1.0023958108032995,34.402805,36.800883,144.7301953044,144.26069450200004,4.132136096733501,17.074548721927975,138.94163641,148.894478508,1.257574,1.2901010000000002,0.050801941458963905,0.002580837255999996,1.194131,1.298485,5.2038412119999995,5.338437938000001,0.2102184337571928,0.04419178989132725,4.941314078,5.37313093,37.5491412,37.49572,0.948587240688857,0.8998177531976996,36.292474,38.715561,133.674942672,133.4847632,3.376970576852335,11.40393027692639,129.20120744,137.82739716,293.6403402684,292.18648102000003,7.718583285129922,59.57652792948702,283.396686172,302.46817864
builtin,False,,512,10.0,0.1,50.0,32,32,1000,300,43,34,5,3.6748797440000005,3.6748554,7.453549141179253e-05,5.555539479997398e-09,3.67478536,3.67495774,1.514879744,1.5148554,7.453549141172223e-05,5.555539479986919e-09,1.51478536,1.5149577399999998,3.6748797440000005,3.6748554,7.453549141179253e-05,5.555539479997398e-09,3.67478536,3.67495774,1.7246148,1.7102069999999998,0.053298816175408645,0.0028407638057000024,1.671216,1.809784,6.139628688,6.08833692,0.18974378558445495,0.03600270416791961,5.94952896,6.442831040000001,36.2594026,36.458504,0.4838016498026857,0.2340640363518005,35.516,36.64549,146.6168897428,147.446981946,1.968527351977087,3.8750999354819218,143.599680464,148.206669586,1.1998342000000002,1.180633,0.035162095802156054,0.0012363729812000005,1.165814,1.249344,4.964913919599999,4.885459354,0.14550075242932164,0.021170468957498752,4.824138332,5.169785472,38.024758399999996,38.18347599999999,0.4223988637991321,0.17842080013879777,37.383054,38.47461199999999,135.36813990399997,135.93317455999997,1.5037399551249102,2.2612338526390667,133.08367224,136.96961871999997,296.7644519984,298.499830678,3.4444769686856813,11.8644215878061,291.477513356,299.947612958
nestml,False,False,128,10.0,0.1,50.0,32,32,1000,100,19,10,5,3.59996496,3.5999653,7.359252679395698e-06,5.415859999919276e-11,3.59995476,3.59997414,0.3899649599999999,0.3899652999999999,7.3592526794572495e-06,5.41586000000987e-11,0.3899547599999999,0.3899741399999999,3.59996496,3.5999653,7.359252679395698e-06,5.415859999919276e-11,3.59995476,3.59997414,1.7786158,1.7608009999999998,0.1656944568104196,0.02745465301770001,1.528297,1.969567,6.331872248000001,6.26845156,0.5898722662450935,0.34794929048512246,5.44073732,7.011658519999999,4.605626199999999,4.610597,0.11209559526448815,0.012565422477699937,4.480073,4.755894,16.5230562164,16.541491642,0.402155881398319,0.16172935294325883,16.06706725,17.060592204000002,0.6279028,0.6079640000000001,0.05760678735791465,0.0033185419496999952,0.57712,0.7174389999999999,2.5982617863999997,2.5157550320000004,0.238376886087051,0.05682353982055888,2.38812256,2.968762582,4.1645156,4.0429200000000005,0.2076097261264506,0.04310179838229982,3.980254000000001,4.394981,14.825675536,14.392795200000002,0.7390906250101643,0.5462549519779154,14.169704240000003,15.64613236,43.878830746800006,43.553255688,1.2443034682319394,1.5482911210540329,42.530312508,45.834103416000005
nestml,False,False,128,10.0,0.1,50.0,32,32,1000,200,19,10,5,3.6004864519999997,3.60048346,1.69887762949671e-05,2.886185200004361e-10,3.60046884,3.60051406,0.390486452,0.39048346,1.6988776294959268e-05,2.8861852000016994e-10,0.39046884,0.39051406,3.6004864519999997,3.60048346,1.69887762949671e-05,2.886185200004361e-10,3.60046884,3.60051406,1.7422618,1.725476,0.10522510861339132,0.011072323482700002,1.609689,1.900091,6.202452008,6.14269456,0.37460138666367276,0.14032619889034648,5.73049284,6.76432396,4.657826999999999,4.738684,0.1514901175077113,0.022949255702500178,4.485310999999999,4.787437000000001,16.7098560932,16.993268898,0.5436142082815725,0.2955164074456008,16.093467822,17.186329564,0.6044636000000001,0.617614,0.02972516674974255,0.0008835855383,0.565303,0.638746,2.5012703768,2.5556867320000003,0.12300274001043457,0.015129674050074562,2.3392238140000003,2.643130948,4.150803,4.136530999999999,0.10397847181748791,0.010811522601500128,4.012324,4.254821000000001,14.776858679999998,14.726050359999997,0.37016335967025626,0.1370209128423715,14.28387344,15.147162760000002,43.79092361000001,44.37750991000001,0.9420573173797693,0.8874719892287672,42.75986784399999,44.573729588000006
nestml,False,False,128,10.0,0.1,50.0,32,32,1000,300,19,10,5,3.5992026120000005,3.59919894,9.506025457660775e-06,9.036452000169476e-11,3.59919486,3.599219,0.38920261199999995,0.38919894,9.506025457567361e-06,9.036451999991874e-11,0.38919486,0.389219,3.5992026120000005,3.59919894,9.506025457660775e-06,9.036452000169476e-11,3.59919486,3.599219,1.9512547999999998,1.5638310000000002,0.804087856712934,0.6465572813131999,1.5066989999999998,3.378259,6.946467088,5.567238360000001,2.8625527698980453,8.194208360450972,5.363848439999999,12.02660204,5.320480999999999,4.499408,2.080727834524136,4.329428321363499,3.948811,9.010833,19.1041038396,16.152511569999998,7.498273442226376,56.22410461439738,14.153156812,32.401868624,1.169987,0.6069690000000001,0.9741399059457527,0.948948556356,0.57551,2.842326,4.841406206,2.511637722000001,4.030990930803525,16.248887884220267,2.38146038,11.761544988,4.8727096,4.117385999999999,1.893496630815935,3.585329490911297,3.679912000000001,8.236728999999999,17.346846176000003,14.657894159999996,6.740848005704731,45.43903183601344,13.100486720000005,29.32275524,51.8380259216,44.438555194,17.271817557806084,298.3156817501385,42.09806689,82.422540472
nestml,False,False,256,10.0,0.1,50.0,32,32,1000,100,27,18,5,3.6397211600000006,3.6396943,6.0967223981484e-05,3.7170024000084383e-09,3.6396569,3.63978848,1.1297211600000001,1.1296943,6.096722398128526e-05,3.7170023999842044e-09,1.1296569,1.1297884799999998,3.6397211600000006,3.6396943,6.0967223981484e-05,3.7170024000084383e-09,3.6396569,3.63978848,1.6618678,1.564301,0.15526697062543604,0.02410783216720002,1.5381259999999997,1.889842,5.916249368000001,5.56891156,0.5527504154265523,0.3055330217542262,5.475728559999999,6.7278375200000005,16.0829484,16.217933,0.35793524323095055,0.12811763834679973,15.475936,16.348337,63.4486625988,64.03532187,1.4759499854026366,2.178428359410043,60.93171600000001,64.50532219200001,0.8181226,0.793495,0.05630556018103364,0.0031703161073000008,0.776057,0.911848,3.3853913188,3.28348231,0.23299240802911717,0.054285462199206616,3.2113238660000003,3.773227024,15.5153886,15.597448,1.1142307098230602,1.2415100747128007,13.792324,16.905509000000002,55.234783416000006,55.52691488,3.9666613269700957,15.734402082880159,49.10067344,60.18361204000001,131.6248078616,133.21323864,5.344376854638979,28.562363964400827,122.359230346,136.17183414000002
nestml,False,False,256,10.0,0.1,50.0,32,32,1000,200,27,18,5,3.6391630839999998,3.63916628,4.7331248451734085e-05,2.24024707999978e-09,3.63912038,3.63923768,1.1291630839999998,1.1291662799999995,4.733124845177172e-05,2.240247080003343e-09,1.1291203799999998,1.12923768,3.6391630839999998,3.63916628,4.7331248451734085e-05,2.24024707999978e-09,3.63912038,3.63923768,1.624568,1.61609,0.07586575930220424,0.0057556134344999895,1.507535,1.69834,5.7834620800000005,5.7532804,0.27008210311584707,0.07294434242347904,5.3668246,6.0460904,17.2408162,16.919147000000002,0.7758768185422218,0.6019848375511998,16.52751,18.186992,68.0947518496,66.89901184000001,3.152011394382954,9.935175830319976,65.12798014,71.99343293000001,1.2522078,0.830491,0.9465246432173333,0.8959089002177001,0.798797,2.944512,5.1816358764,3.436571758,3.916718973633325,15.340687518419285,3.3054219860000003,12.184390656,17.037550200000002,17.32451,0.9625489936853605,0.9265005652447003,15.432242,17.882101000000002,60.65367871200001,61.6752556,3.4266744175198847,11.74209756368524,54.93878152,63.660279560000006,143.352691602,146.870008928,7.462395778612141,55.6873507566483,132.892825678,151.449455596
nestml,False,False,256,10.0,0.1,50.0,32,32,1000,300,27,18,5,3.639264064,3.6392166,8.228091321799819e-05,6.770148679987748e-09,3.63919688,3.63937062,1.1292640639999998,1.1292166,8.228091321798538e-05,6.770148679985641e-09,1.1291968799999998,1.1293706199999998,3.639264064,3.6392166,8.228091321799819e-05,6.770148679987748e-09,3.63919688,3.63937062,1.7754314,1.762182,0.04249671672376587,0.001805970932300002,1.731599,1.843142,6.3205357840000005,6.27336792,0.15128831153660655,0.022888153207597316,6.16449244,6.56158552,16.9982692,16.390833,1.157477440686729,1.3397540256987002,16.363812,19.03755,67.1751237376,64.649573692,4.782700696315441,22.874225950536204,64.565132562,75.60620224,1.27204,0.85585,0.9271469482654839,0.8596014636779999,0.7976530000000001,2.928499,5.263701520000001,3.5415073,3.836534071922573,14.718993685022799,3.300688114,12.118128862,16.7078294,15.706498,1.696528420978498,2.8782086831877964,15.528675000000003,19.486762,59.479872664000005,55.91513288,6.039641178683455,36.47726556724888,55.282083000000014,69.37287272,141.8784977696,134.07988265400002,14.611726550507429,213.50255278680373,133.30129208200003,167.29812426200002
nestml,False,False,512,10.0,0.1,50.0,32,32,1000,100,43,34,5,3.700635424,3.7006716,0.0001124060259950946,1.263511468000988e-08,3.70051554,3.70077632,1.540635424,1.5406716,0.00011240602599506635,1.2635114680003533e-08,1.54051554,1.54077632,3.700635424,3.7006716,0.0001124060259950946,1.263511468000988e-08,3.70051554,3.70077632,1.7733808,1.737775,0.0640095446101595,0.004097221801199998,1.713951,1.861459,6.313235648,6.186479,0.22787397881216753,0.05192655021968817,6.10166556,6.626794039999999,52.4898548,52.322734,1.8440977154990161,3.4006963843086906,50.42487100000001,54.947642,211.8190206032,211.20364785,7.618804223939796,58.04617780272288,203.27785175,221.964531306,1.2920372,1.303283,0.03640327829605462,0.0013251986707000015,1.251688,1.339788,5.346449933600001,5.392985054,0.150636765589074,0.022691435147137624,5.179484944000001,5.544042744,51.291982600000004,51.319275,1.8777766404869034,3.526045111558281,49.221963,53.68986199999999,182.59945805600003,182.696619,6.68488484013338,44.68768532584508,175.23018828000002,191.13590872,409.77879966480003,409.164072204,14.285477265996747,204.0748607173099,393.60635610200006,428.08210607
nestml,False,False,512,10.0,0.1,50.0,32,32,1000,200,43,34,5,3.700152148,3.70017418,5.770862777787234e-05,3.330285720005019e-09,3.70005178,3.70019798,1.540152148,1.54017418,5.770862777783329e-05,3.330285720000512e-09,1.54005178,1.54019798,3.700152148,3.70017418,5.770862777787234e-05,3.330285720005019e-09,3.70005178,3.70019798,1.8845658,1.854527,0.12920064767910422,0.01669280736070002,1.763078,2.066122,6.709054248000001,6.60211612,0.459954305737611,0.21155796336656774,6.27655768,7.35539432,53.7272918,52.620229,2.7558883541314185,7.594920620437179,51.02435200000001,56.68412,216.6771727328,212.37123683400003,11.004411843299286,121.09708001694557,205.809877346,228.622981152,1.2088354000000001,1.206708,0.03883556090492319,0.0015082007907999987,1.154168,1.247974,5.0021608851999995,4.993357704,0.16070155102457234,0.025824988501703228,4.775947184,5.164116412,51.65224499999999,51.398003,1.6273414406442155,2.6482401644379907,49.757122,53.752672,183.8819922,182.97689068000005,5.793335528693409,33.56273654802134,177.13535431999998,191.35951232,415.970532214,410.144968658,16.555344001279963,274.07941500071644,398.93177926,435.1233417440001
nestml,False,False,512,10.0,0.1,50.0,32,32,1000,300,43,34,5,3.7001736359999997,3.7001888,5.668300697749938e-05,3.2129632800112436e-09,3.70007898,3.70022756,1.540173636,1.5401888,5.668300697732884e-05,3.21296327999191e-09,1.54007898,1.54022756,3.7001736359999997,3.7001888,5.668300697749938e-05,3.2129632800112436e-09,3.70007898,3.70022756,1.7813347999999998,1.766406,0.06365990864900764,0.004052583969199998,1.705124,1.880498,6.341551888,6.28840536,0.22662927479046724,0.05136082819205311,6.07024144,6.69457288,52.160654,51.98859399999999,1.713637166798594,2.9365523394335122,50.47151399999999,54.525027,210.10044965240004,208.938181524,6.991181391069914,48.87661724284226,203.389988458,220.206769472,1.2686997999999998,1.295776,0.04676962786574209,0.002187398090699999,1.200568,1.305237,5.249879772400001,5.361921088000001,0.193532720108441,0.037454913752572164,4.967950384,5.4010707060000005,49.879668,49.136232,1.8901565903761768,3.5726919361424945,48.322239,53.146288,177.57161808,174.92498592,6.72895746173918,45.27886852189538,172.02717084000005,189.20078528,402.96367302880003,396.4283375380001,12.639676231667382,159.76141524137734,394.587739456,424.53990608
nestml,False,True,128,10.0,0.1,50.0,32,32,1000,100,19,10,5,3.596248216,3.59623992,2.1877355416165798e-05,4.78618680005239e-10,3.59622564,3.5962749400000003,0.3862482159999999,0.3862399199999999,2.1877355416028714e-05,4.786186799992409e-10,0.38622564,0.3862749399999999,3.596248216,3.59623992,2.1877355416165798e-05,4.78618680005239e-10,3.59622564,3.5962749400000003,1.6778977999999998,1.6765819999999998,0.09470777862298324,0.008969563331700002,1.569616,1.783045,5.973316168,5.968631919999999,0.33715969189781997,0.1136766578406329,5.58783296,6.3476402,5.0253798000000005,4.952336000000001,0.3576157835480702,0.1278890486427002,4.701917,5.607944000000001,18.0497143176,17.757518932000004,1.3252985159206507,1.7564161563014795,16.88065416,20.230712052,1.1494016,0.6698390000000001,1.0855201339361698,1.1783539611807998,0.585009,3.083593,4.756223820800001,2.771793782,4.491882314227871,20.17700672487313,2.420767242,12.759907834,6.467002199999999,5.489896999999999,1.9846858486347887,3.9389779177711914,5.327068000000001,9.979289999999995,23.022527832,19.54403332,7.065481621139851,49.92103053866501,18.96436208,35.52627239999999,55.3980303544,49.990041398,12.568864148376935,157.97634598035506,48.718876004,77.806401666
nestml,False,True,128,10.0,0.1,50.0,32,32,1000,200,19,10,5,3.5963444360000003,3.59633988,1.1503863698692783e-05,1.323388799981016e-10,3.59633648,3.59636436,0.386344436,0.3863398799999999,1.150386369874668e-05,1.3233887999934162e-10,0.38633648,0.3863643599999999,3.5963444360000003,3.59633988,1.1503863698692783e-05,1.323388799981016e-10,3.59633648,3.59636436,1.6524394,1.648351,0.1012664177049824,0.010254887354799975,1.5201380000000002,1.794644,5.882684264,5.868129560000001,0.36050844702973756,0.12996634037979307,5.411691280000001,6.38893264,5.006508800000001,4.912921,0.4717286284212568,0.22252789887220015,4.653736,5.823203,17.955400156800003,17.647582946,1.675903425083622,2.8086522902070152,16.694590788,20.852988978000003,1.0355616,0.623659,0.951362951858175,0.9050914661683002,0.573724,2.736972,4.2851539008,2.580700942,3.936739894789128,15.497920999224315,2.3740699120000004,11.325590136,5.1463968,5.394892,0.5070862257246785,0.2571364403196997,4.283337,5.480846,18.321172608,19.20581552,1.8052269635798581,3.258844390035754,15.248679719999998,19.51181176,50.0407553656,48.779079722,3.666700475739666,13.444692378789494,47.059007306,56.435294074
nestml,False,True,128,10.0,0.1,50.0,32,32,1000,300,19,10,5,3.596013956,3.59600634,1.4351866777446508e-05,2.0597607999757283e-10,3.5960026000000003,3.59603728,0.38601395599999994,0.38600634,1.4351866777523703e-05,2.059760799997886e-10,0.3860026,0.38603728,3.596013956,3.59600634,1.4351866777446508e-05,2.0597607999757283e-10,3.5960026000000003,3.59603728,1.7681841999999999,1.745134,0.11054130872529064,0.012219380934700015,1.682354,1.959651,6.294735752,6.21267704,0.39352705906203406,0.15486354621401366,5.9891802400000005,6.976357559999999,5.862405000000001,6.116561000000001,0.7068481219286079,0.4996342674740002,4.629675,6.425941,21.002615702000003,21.909731732000004,2.52127884987743,6.356847038839255,16.605587586,23.013851536,0.6681728,0.653084,0.05718995785712738,0.003270691279700006,0.6303949999999999,0.7686040000000001,2.7648990464,2.702461592,0.23665204561279304,0.05600419069271948,2.60857451,3.1804833520000004,4.4076574,4.159036999999999,0.602375081112093,0.3628557383448006,4.090045,5.482469000000001,15.691260344,14.806171719999996,2.144455288759051,4.598688485486666,14.5605602,19.517589640000004,49.349524800400005,49.092654102,0.8084543662147461,0.6535984622516868,48.540431376,50.375190108
nestml,False,True,256,10.0,0.1,50.0,32,32,1000,100,27,18,5,3.635569556,3.63554698,6.224489119594757e-05,3.874426479995352e-09,3.63553236,3.63567992,1.1255695559999999,1.1255469799999998,6.224489119600088e-05,3.874426480001988e-09,1.1255323599999998,1.1256799199999998,3.635569556,3.63554698,6.224489119594757e-05,3.874426479995352e-09,3.63553236,3.63567992,1.7354602,1.655252,0.4121379972208337,0.16985772875319993,1.438472,2.446363,6.1782383119999995,5.89269712,1.4672112701061684,2.1527089111265556,5.12096032,8.70905228,17.030254000000003,16.141508,2.494431161296398,6.222186818446497,15.094226,21.398849,67.3772471044,63.54805369,10.003136858355626,100.06274700699286,60.06452317400001,84.984405352,0.8317078,0.8070660000000001,0.09218208129403456,0.008497536111699996,0.734361,0.959803,3.4416068764000003,3.3396391080000005,0.38144945239471484,0.14550368473222783,3.0387858180000005,3.971664814,16.408139400000003,15.582287000000004,1.9662882201944087,3.866289364875296,15.412938,19.922624,58.412976263999994,55.472941720000016,6.999986063892098,48.99980489468358,54.87005928,70.92454144,139.0456381128,131.200755696,18.143235678937142,329.1770009014577,129.177351668,171.42945057
nestml,False,True,256,10.0,0.1,50.0,32,32,1000,200,27,18,5,3.6355290279999997,3.63557996,8.016627545290493e-05,6.426631719991027e-09,3.6354171,3.63559118,1.1255290279999999,1.1255799599999998,8.016627545309441e-05,6.4266317200214066e-09,1.1254170999999995,1.1255911799999998,3.6355290279999997,3.63557996,8.016627545290493e-05,6.426631719991027e-09,3.6354171,3.63559118,1.5238590000000003,1.5077729999999998,0.056150329932245335,0.0031528595515000067,1.468921,1.617085,5.42493804,5.36767188,0.19989517455879333,0.03995808081189046,5.22935876,5.7568226000000005,16.636892999999997,16.444111000000003,1.0410744473139273,1.083836004849999,15.158685000000002,17.959219,65.7705168704,64.88969699200001,4.0108022943765,16.0865350445758,60.28737738,71.01739870600001,0.854842,0.833877,0.08705935756425036,0.007579331739499996,0.798372,1.007442,3.5373361959999996,3.450583026,0.360251621600868,0.12978123086605498,3.303663336,4.168794996,16.2049442,16.261921,0.7168076531878673,0.5138132116686979,15.395869,17.251793999999997,57.68960135200001,57.892438760000005,2.5518352453488076,6.511863119404408,54.80929364,61.41638663999999,136.0579214864,132.94427642800002,6.188460142131718,38.29703893075292,131.02280818600002,145.673743282
nestml,False,True,256,10.0,0.1,50.0,32,32,1000,300,27,18,5,3.6354618439999995,3.6354477,6.528026562443678e-05,4.261513079997022e-09,3.63539466,3.63557112,1.1254618439999997,1.1254476999999998,6.528026562446055e-05,4.261513080000125e-09,1.1253946599999998,1.1255711199999998,3.6354618439999995,3.6354477,6.528026562443678e-05,4.261513079997022e-09,3.63539466,3.63557112,1.6726151999999999,1.630047,0.16634439136532372,0.02767045653869999,1.522712,1.945028,5.954510112,5.8029673200000005,0.5921860332605524,0.3506842979888681,5.42085472,6.92429968,16.8223992,16.828225000000003,0.5756807143432021,0.33140828486669943,16.208134,17.411016,66.4178008856,66.43621937,2.3713312192662905,5.623211751466952,63.915183008,68.83182625,0.7963856,0.7706580000000001,0.052404540006568114,0.0027462358132999977,0.7472709999999999,0.8738579999999999,3.2954436128000006,3.188982804000001,0.21684998654717874,0.047023916665511596,3.092207398,3.616024404,16.286717200000002,16.357029,0.7180137846174696,0.515543794900702,15.273314,17.237710000000003,57.98071323200001,58.231023240000006,2.556129073238193,6.533795839053545,54.37299784,61.366247600000015,137.2839296864,137.487346838,4.532120506182141,20.540116282556664,131.066792526,142.87040135400002
nestml,False,True,512,10.0,0.1,50.0,32,32,1000,100,43,34,5,3.6962120240000003,3.6962465,6.461368802356199e-05,4.174928680006198e-09,3.69613872,3.69626656,1.536212024,1.5362464999999998,6.461368802351514e-05,4.174928680000143e-09,1.5361387199999998,1.5362665599999998,3.6962120240000003,3.6962465,6.461368802356199e-05,4.174928680006198e-09,3.69613872,3.69626656,1.6551312,1.583333,0.14127258250347088,0.01995794256719999,1.512893,1.827635,5.892267071999999,5.63666548,0.5029303937123566,0.25293898091966605,5.385899080000001,6.5063806,50.3495536,49.329323,1.7540644270597041,3.076742014276288,49.266431,53.35547999999999,202.88144638160003,198.74253089,7.0858866434908725,50.20978952440234,198.480624934,214.992470632,1.5412176,1.2431199999999998,0.5286614141672343,0.2794828908293001,1.209881,2.446819,6.377558428799999,5.144030559999999,2.187600931824015,4.785597836917299,5.006487578,10.124937022,48.841487799999996,46.760296,4.155809281574132,17.2707507848177,46.67881499999999,56.229434,173.87569656800002,166.46665376,14.794681042403909,218.8825871464656,166.17658139999998,200.17678504,392.7231804744,381.048786744,23.61632520370876,557.7308161273297,380.0269494580001,434.568096874
nestml,False,True,512,10.0,0.1,50.0,32,32,1000,200,43,34,5,3.6962270520000002,3.69624072,9.480038987254206e-05,8.987113919985975e-09,3.69609112,3.69631858,1.536227052,1.53624072,9.48003898725912e-05,8.987113919995293e-09,1.53609112,1.53631858,3.6962270520000002,3.69624072,9.480038987254206e-05,8.987113919985975e-09,3.69609112,3.69631858,1.6044074000000002,1.61715,0.0591577616910916,0.0034996407682999844,1.526866,1.665493,5.711690343999999,5.757053999999999,0.21060163162028636,0.044353047241126806,5.43564296,5.92915508,70.10873099999999,49.262065,46.040956565794936,2119.7696814934156,49.186029,152.464014,284.47986184679996,198.419936128,190.39708333631273,36251.04934297482,197.928239264,625.053396006,1.7217814000000005,1.244896,0.8700288157930747,0.7569501403103,1.183392,3.223795,7.124731433200002,5.151379648000001,3.6001792397517436,12.961290558339442,4.896876096,13.34006371,67.13716480000001,46.702817,45.844291564524575,2101.699069053139,46.266133,149.14377899999997,239.00830668799995,166.26202852,163.2056779697075,26636.093321551863,164.70743348,530.9518532399999,540.0208173640001,385.260122426,353.7726936731504,125155.11878875672,376.7860456,1172.827511816
nestml,False,True,512,10.0,0.1,50.0,32,32,1000,300,43,34,5,3.696065892,3.69608976,7.119546418144103e-05,5.0687941200108534e-09,3.69596974,3.69614178,1.5360658919999999,1.53608976,7.119546418130971e-05,5.068794119992153e-09,1.53596974,1.53614178,3.696065892,3.69608976,7.119546418144103e-05,5.0687941200108534e-09,3.69596974,3.69614178,1.6049016000000003,1.58604,0.047045947841445404,0.0022133212083000012,1.559601,1.674284,5.713449696,5.6463024,0.16748357431554534,0.0280507476655108,5.55217956,5.96045104,49.429813800000005,49.18416599999999,0.7797731849869556,0.6080462200247008,48.726237000000005,50.765565,199.09391401119998,198.152622024,3.2068284869371118,10.283748944631366,196.16859058,204.57509883,1.2243694,1.201877,0.07753608436915037,0.006011844379300003,1.142019,1.327118,5.0664405772,4.973367025999999,0.3208443171195442,0.10294107582790663,4.725674622,5.491614284,46.7876012,46.69452399999999,0.7442057666013439,0.5538422230426938,46.055079000000006,48.03264299999999,166.563860272,166.23250543999995,2.6493725291007792,7.019174797953859,163.95608124000003,170.99620907999997,380.1337304484,378.647389706,5.9392994776180785,35.275278284834386,374.674116388,390.201238516
