implementation,use_static_synapses,use_exp_luts,N,g,p_conn,rate_ext_input,neurons_per_core,poisson_generators_per_core,t_sim,seed,number_of_runs,execution_time_mean,execution_time_median,execution_time_std,execution_time_variance,execution_time_min,execution_time_max
builtin,False,,128,10.0,0.1,50.0,32,32,1000,100,5,8.544250611960887,8.599778693169355,0.12347211282412887,0.015245362645254409,8.388317823410034,8.671364707872272
builtin,False,,128,10.0,0.1,50.0,32,32,1000,200,5,8.606549893505871,8.732254967093468,0.21423032084412502,0.045894630368976744,8.258575682528317,8.769182816147804
builtin,False,,128,10.0,0.1,50.0,32,32,1000,300,5,8.519178714230657,8.456340595148504,0.3139390031748106,0.09855769771439375,8.22993078455329,9.026984492316842
builtin,False,,256,10.0,0.1,50.0,32,32,1000,100,5,15.29827091731131,15.329747401177883,0.2776953738090305,0.07711472063493717,14.990921827964485,15.624260355718434
builtin,False,,256,10.0,0.1,50.0,32,32,1000,200,5,17.435116892307995,15.620757210068405,3.8481139994914306,14.807981353081935,15.267971206456425,24.25703777652234
builtin,False,,256,10.0,0.1,50.0,32,32,1000,300,5,17.83542119562626,16.1340988073498,3.9284133991353056,15.432431834505806,15.956146187148988,24.86124567966908
builtin,False,,512,10.0,0.1,50.0,32,32,1000,100,5,41.95265734009445,42.39712296053767,1.2451350513117614,1.5503612960051427,40.06188752595335,43.1506580254063
builtin,False,,512,10.0,0.1,50.0,32,32,1000,200,5,42.568547123298046,42.71898226439953,0.4814516426889699,0.23179568424790753,41.7172193126753,42.88479280192405
builtin,False,,512,10.0,0.1,50.0,32,32,1000,300,5,42.364462243765594,42.4773814175278,0.710161464362509,0.5043293054655033,41.28903041314334,43.26518595870584
nestml,False,False,128,10.0,0.1,50.0,32,32,1000,100,5,9.659374219737947,9.595088296569884,0.23739823153416112,0.05635792033554717,9.366314116865396,9.962508760392666
nestml,False,False,128,10.0,0.1,50.0,32,32,1000,200,5,9.668078897893428,9.750996816903353,0.23208906881887073,0.053865335865210515,9.386949664913118,9.873920580372214
nestml,False,False,128,10.0,0.1,50.0,32,32,1000,300,5,11.62356363348663,9.855152798816562,4.079900080670903,16.64558466825844,9.181873131543398,18.796199060045183
nestml,False,False,256,10.0,0.1,50.0,32,32,1000,100,5,21.24832404125482,21.50720743648708,0.5213539874864807,0.2718099802680535,20.4040243588388,21.65553824231029
nestml,False,False,256,10.0,0.1,50.0,32,32,1000,200,5,22.894332232698797,22.948652460239828,1.2145326048847138,1.4750894483280483,21.70186583604664,24.555338144302368
nestml,False,False,256,10.0,0.1,50.0,32,32,1000,300,5,22.81353768315166,21.79194495920092,2.186220117826473,4.779558403589197,21.59586511552334,26.69852419476956
nestml,False,False,512,10.0,0.1,50.0,32,32,1000,100,5,59.052742393501106,58.33965094015002,1.925150552716151,3.7062046506233015,57.10069793090224,61.298050429672
nestml,False,False,512,10.0,0.1,50.0,32,32,1000,200,5,60.60139817111194,59.79039513505995,2.1702256816009315,4.709879509080228,58.37045426201075,63.01388267800212
nestml,False,False,512,10.0,0.1,50.0,32,32,1000,300,5,58.87872862350196,58.15121053997427,1.651411779507583,2.7271608654964026,57.68832784611732,61.60598943196237
nestml,False,True,128,10.0,0.1,50.0,32,32,1000,100,5,10.818643196485937,10.076644697226584,1.9212464102208586,3.6911877687865355,9.673134167678654,14.234212418086829
nestml,False,True,128,10.0,0.1,50.0,32,32,1000,200,5,10.382256428524851,9.769960103556514,1.3652836797183918,1.863999526105392,9.56438133213669,12.80465309880674
nestml,False,True,128,10.0,0.1,50.0,32,32,1000,300,5,10.969787095300854,11.110873295925558,0.7729596201669624,0.5974665744086548,9.64217241294682,11.518084135837851
nestml,False,True,256,10.0,0.1,50.0,32,32,1000,100,5,22.38090819232166,21.357215294614434,2.822881585355544,7.968660444939429,20.43918099999428,27.37977468036115
nestml,False,True,256,10.0,0.1,50.0,32,32,1000,200,5,21.764804913289844,21.425750225782394,1.1952470349984512,1.428615474672589,20.25542069412768,23.442762076854702
nestml,False,True,256,10.0,0.1,50.0,32,32,1000,300,5,22.322338492423295,22.3439832739532,0.6922492509117436,0.4792090253878702,21.27100815344602,23.213521994650364
nestml,False,True,512,10.0,0.1,50.0,32,32,1000,100,5,56.7578980108723,55.40596201829612,2.847237615336078,8.106762038184677,55.23606488015503,61.81285337265581
nestml,False,True,512,10.0,0.1,50.0,32,32,1000,200,5,76.34697786588222,56.20485411956906,46.16779651963912,2131.4654354788017,54.80292874481529,158.91964768618345
nestml,False,True,512,10.0,0.1,50.0,32,32,1000,300,5,55.14420650191605,54.83975519612432,0.8177446677456183,0.6687063416263915,54.42503504361957,56.53812286723405
