implementation,use_static_synapses,use_exp_luts,N,g,p_conn,rate_ext_input,neurons_per_core,poisson_generators_per_core,t_sim,number_of_runs,execution_time_mean,execution_time_median,execution_time_std,execution_time_variance,execution_time_min,execution_time_max
builtin,False,,128,10.0,0.1,50.0,32,32,1000,15,8.556659739899139,8.576645808294415,0.21696444224075107,0.047073569196840206,8.22993078455329,9.026984492316842
builtin,False,,256,10.0,0.1,50.0,32,32,1000,15,16.856269668415187,15.624260355718434,3.1608760232877784,9.99113723459556,14.990921827964485,24.86124567966908
builtin,False,,512,10.0,0.1,50.0,32,32,1000,15,42.295222235719365,42.52726712450385,0.8506385016087067,0.7235858604191058,40.06188752595335,43.26518595870584
nestml,False,False,128,10.0,0.1,50.0,32,32,1000,15,10.317005583706,9.750996816903353,2.3878655390662247,5.701901832660032,9.181873131543398,18.796199060045183
nestml,False,False,256,10.0,0.1,50.0,32,32,1000,15,22.31873131903509,21.721849920228124,1.5746981293312294,2.4796741985192736,20.4040243588388,26.69852419476956
nestml,False,False,512,10.0,0.1,50.0,32,32,1000,15,59.51095639603833,59.02054393850267,1.9560648646739272,3.8261897548118293,57.10069793090224,63.01388267800212
nestml,False,True,128,10.0,0.1,50.0,32,32,1000,15,10.723562240103881,10.076644697226584,1.3506982083407006,1.8243856500147788,9.56438133213669,14.234212418086829
nestml,False,True,256,10.0,0.1,50.0,32,32,1000,15,22.156017199344934,21.425750225782394,1.704246140423308,2.9044549071477417,20.25542069412768,27.37977468036115
nestml,False,True,512,10.0,0.1,50.0,32,32,1000,15,62.749694126223524,55.24779283348471,26.664743381443845,711.0085395982533,54.42503504361957,158.91964768618345
