implementation,use_static_synapses,use_exp_luts,N,g,p_conn,rate_ext_input,neurons_per_core,poisson_generators_per_core,t_sim,seed,number_of_runs,mean_core_activity_percent_mean,mean_core_activity_percent_median,mean_core_activity_percent_std,mean_core_activity_percent_variance,mean_core_activity_percent_min,mean_core_activity_percent_max,sum_core_activity_percent_mean,sum_core_activity_percent_median,sum_core_activity_percent_std,sum_core_activity_percent_variance,sum_core_activity_percent_min,sum_core_activity_percent_max
builtin,False,,128,10.0,0.1,50.0,32,32,1000,100,5,2.9320720000000007,2.93204,0.0001987963782365799,3.9519999999981345e-08,2.93184,2.93236,29.32072,29.3204,0.0019879637823668177,3.952000000002185e-06,29.3184,29.323600000000003
builtin,False,,128,10.0,0.1,50.0,32,32,1000,200,5,2.9415280000000004,2.94152,0.0005743866293708036,3.299199999999529e-07,2.94096,2.9422,29.415280000000003,29.4152,0.005743866293707566,3.2991999999989895e-05,29.4096,29.422
builtin,False,,128,10.0,0.1,50.0,32,32,1000,300,5,2.8929519999999997,2.89304,0.00031673332631730844,1.0032000000002658e-07,2.8924,2.89316,28.929520000000004,28.9304,0.0031673332631726413,1.003199999999985e-05,28.924,28.9316
builtin,False,,256,10.0,0.1,50.0,32,32,1000,100,5,3.079915555555556,3.0798,0.0002588674287721227,6.701234567909002e-08,3.079622222222222,3.0802,55.438480000000006,55.4364,0.00465961371789209,2.1711999999968146e-05,55.433200000000014,55.4436
builtin,False,,256,10.0,0.1,50.0,32,32,1000,200,5,3.0725466666666663,3.0726,0.0002613356008973027,6.829629629635427e-08,3.072133333333333,3.0728444444444443,55.30584,55.3068,0.004704040816150089,2.2128000000005996e-05,55.2984,55.3112
builtin,False,,256,10.0,0.1,50.0,32,32,1000,300,5,3.068226666666667,3.068222222222222,0.00032975860980549243,1.08740740740851e-07,3.067733333333333,3.0686222222222224,55.22808,55.22800000000001,0.005935654976499809,3.523200000004695e-05,55.2192,55.23520000000001
builtin,False,,512,10.0,0.1,50.0,32,32,1000,100,5,3.165110588235294,3.1652,0.00041248676187216865,1.7014532871978718e-07,3.1646823529411763,3.1656117647058823,107.61376,107.61679999999998,0.014024549903651547,0.00019668800000001262,107.59920000000002,107.63080000000002
builtin,False,,512,10.0,0.1,50.0,32,32,1000,200,5,3.161009411764706,3.1609764705882357,0.00019031934554132298,3.622145328727749e-08,3.160823529411765,3.161235294117648,107.47432,107.47320000000003,0.006470857748404957,4.1872000000092464e-05,107.468,107.48200000000004
builtin,False,,512,10.0,0.1,50.0,32,32,1000,300,5,3.1585388235294114,3.158717647058824,0.00029001849362364897,8.411072664373052e-08,3.1581999999999995,3.1588,107.39032,107.3964,0.00986062878318298,9.723199999973664e-05,107.3788,107.39919999999996
nestml,False,False,128,10.0,0.1,50.0,32,32,1000,100,5,4.016839999999999,4.01656,0.0006170899448217163,3.8080000000006895e-07,4.0164,4.01792,40.1684,40.1656,0.0061708994482173075,3.8080000000008675e-05,40.164,40.1792
nestml,False,False,128,10.0,0.1,50.0,32,32,1000,200,5,4.077472,4.07744,0.00019057806799366702,3.6320000000198765e-08,4.077239999999999,4.0777600000000005,40.77472000000001,40.77440000000001,0.001905780679937304,3.6320000000222928e-06,40.77239999999999,40.77760000000001
nestml,False,False,128,10.0,0.1,50.0,32,32,1000,300,5,3.926056,3.92584,0.0005371033420112149,2.8847999999961603e-07,3.92568,3.926999999999999,39.26056,39.2584,0.0053710334201119364,2.8847999999959324e-05,39.25679999999999,39.26999999999999
nestml,False,False,256,10.0,0.1,50.0,32,32,1000,100,5,4.051791111111112,4.051711111111112,0.0002022100118411572,4.0888888888800936e-08,4.051577777777778,4.052066666666667,72.93224000000001,72.93080000000002,0.003639780213143445,1.3247999999990545e-05,72.9284,72.9372
nestml,False,False,256,10.0,0.1,50.0,32,32,1000,200,5,4.017297777777778,4.017266666666667,0.00036093157930289465,1.3027160493808172e-07,4.016911111111112,4.0178666666666665,72.31136000000001,72.3108,0.006496768427452897,4.2207999999948785e-05,72.30440000000002,72.3216
nestml,False,False,256,10.0,0.1,50.0,32,32,1000,300,5,4.02192,4.022088888888889,0.00046946252430652975,2.2039506172825904e-07,4.021422222222222,4.022488888888889,72.39455999999998,72.39759999999998,0.008450325437522513,7.140800000004005e-05,72.3856,72.40480000000001
nestml,False,False,512,10.0,0.1,50.0,32,32,1000,100,5,4.047456470588235,4.047317647058823,0.000361982239714009,1.3103114186837028e-07,4.04704705882353,4.047929411764706,137.61352000000005,137.60880000000003,0.012307396150281489,0.0001514719999999636,137.59960000000004,137.62960000000004
nestml,False,False,512,10.0,0.1,50.0,32,32,1000,200,5,4.030952941176471,4.030882352941176,0.0003290964877806574,1.0830449826956439e-07,4.030611764705884,4.031388235294118,137.05240000000003,137.04999999999998,0.01118928058455983,0.0001252000000000076,137.04080000000005,137.06720000000004
nestml,False,False,512,10.0,0.1,50.0,32,32,1000,300,5,4.032181176470589,4.032070588235294,0.0002378682721147895,5.658131487887554e-08,4.032023529411766,4.0326,137.09416000000002,137.09040000000005,0.008087521251907504,6.54080000000555e-05,137.0888,137.10840000000002
nestml,False,True,128,10.0,0.1,50.0,32,32,1000,100,5,3.57796,3.57792,0.00029664793948395855,8.800000000007832e-08,3.5776799999999995,3.57844,35.7796,35.7792,0.002966479394838777,8.800000000003036e-06,35.776799999999994,35.7844
nestml,False,True,128,10.0,0.1,50.0,32,32,1000,200,5,3.5900240000000005,3.5904799999999994,0.0007882131691362784,6.212799999998554e-07,3.589,3.5907600000000004,35.90024,35.90480000000001,0.007882131691362928,6.212799999998782e-05,35.89,35.9076
nestml,False,True,128,10.0,0.1,50.0,32,32,1000,300,5,3.5510000000000006,3.55056,0.0006517668294723581,4.2480000000045e-07,3.55052,3.5518800000000006,35.510000000000005,35.5056,0.006517668294719874,4.247999999999668e-05,35.5052,35.518800000000006
nestml,False,True,256,10.0,0.1,50.0,32,32,1000,100,5,3.781897777777778,3.781711111111111,0.00039584259248404087,1.5669135802448644e-07,3.781622222222223,3.7825777777777776,68.07416,68.07079999999999,0.00712516666471479,5.076799999996288e-05,68.06920000000001,68.0864
nestml,False,True,256,10.0,0.1,50.0,32,32,1000,200,5,3.7760222222222226,3.7759333333333336,0.00028153021020750786,7.925925925948358e-08,3.775733333333333,3.7764888888888897,67.96840000000002,67.9668,0.005067543783727938,2.5679999999999673e-05,67.96320000000001,67.97680000000001
nestml,False,True,256,10.0,0.1,50.0,32,32,1000,300,5,3.774408888888889,3.7747777777777767,0.0007404703210096233,5.482962962960946e-07,3.773111111111111,3.774888888888889,67.93936,67.94599999999998,0.013328465778174974,0.00017764799999998138,67.916,67.948
nestml,False,True,512,10.0,0.1,50.0,32,32,1000,100,5,3.8952164705882355,3.8952,0.00015643077777482772,2.447058823523753e-08,3.895011764705883,3.8954470588235295,132.43736,132.4368,0.005318646444354996,2.8288000000050044e-05,132.43040000000002,132.44520000000003
nestml,False,True,512,10.0,0.1,50.0,32,32,1000,200,5,3.8940423529411765,3.8939882352941178,0.00021877292267482733,4.7861591695685974e-08,3.8938705882352935,3.894400000000001,132.39744000000002,132.39560000000003,0.007438279370930741,5.532800000001381e-05,132.3916,132.4096
nestml,False,True,512,10.0,0.1,50.0,32,32,1000,300,5,3.89104705882353,3.891094117647058,0.0001927761130374966,3.716262975784566e-08,3.890729411764706,3.8912235294117656,132.2956,132.29719999999998,0.006554387843271644,4.296000000002712e-05,132.28480000000002,132.30160000000004
