timestamp,implementation,N,g,p_conn,rate_ext_input,neurons_per_core,t_sim,exc_firing_rate,inh_firing_rate,cv,execution_time,mean_w_ee,mean_w_ei,mean_w_ie,mean_w_ii
20260914_152507,builtin_neuron_builtin_stdp,256,10.0,0.1,50.0,16,2000,5.658536585365853,5.294117647058823,0.866478781882068,30.34242567466572,nan,nan,nan,nan
20260915_152835,builtin_neuron_builtin_stdp,256,10.0,0.1,50.0,16,2000,5.658536585365853,5.294117647058823,0.866478781882068,10.351377290207893,nan,nan,nan,nan
20260915_152915,nestml_neuron_nestml_stdp,256,10.0,0.1,50.0,16,2000,6.880487804878049,6.5,0.8650254378887865,37.94148261519149,nan,nan,nan,nan
20260915_154142,builtin_neuron_builtin_stdp,512,10.0,0.1,50.0,16,2000,7.5182926829268295,8.083333333333334,0.8855772606230203,12.443055561743677,nan,nan,nan,nan
20260915_154401,nestml_neuron_nestml_stdp,512,10.0,0.1,50.0,16,2000,10.265853658536585,9.401960784313726,1.0688887340789435,134.23121996084228,nan,nan,nan,nan
20260915_155534,builtin_neuron_builtin_stdp,512,10.0,0.1,50.0,32,2000,6.7926829268292686,7.53921568627451,0.870472584195592,12.05380044458434,nan,nan,nan,nan
20260915_155704,nestml_neuron_nestml_stdp,512,10.0,0.1,50.0,32,2000,8.36951219512195,8.21078431372549,0.9284122516304787,87.65568876406178,nan,nan,nan,nan
20260915_162929,builtin_neuron_builtin_stdp,1024,10.0,0.1,50.0,64,2000,7.319291819291819,7.853658536585366,1.025521036562457,32.48377333488315,nan,nan,nan,nan
20260915_163316,nestml_neuron_nestml_stdp,1024,10.0,0.1,50.0,64,2000,7.568376068376068,7.34390243902439,0.9971166274509513,222.4156331717968,nan,nan,nan,nan
20260916_114352,builtin_neuron_builtin_stdp,1024,10.0,0.1,50.0,64,2000,7.323565323565323,7.885365853658537,1.0259081219040609,12.684415589086711,nan,nan,nan,nan
20260916_114742,nestml_neuron_nestml_stdp,1024,10.0,0.1,50.0,64,2000,11.24114774114774,9.921951219512195,1.1625066214518152,225.43369746021926,nan,nan,nan,nan
20260916_115750,builtin_neuron_builtin_stdp,512,10.0,0.1,50.0,64,5000,11.690243902439024,10.362745098039216,1.117299670406966,13.452919417992234,nan,nan,nan,nan
20260916_115906,nestml_neuron_nestml_stdp,512,10.0,0.1,50.0,64,5000,10.35658536585366,9.596078431372549,1.0814383686764024,72.97133591538295,nan,nan,nan,nan
20260916_123712,builtin_neuron_builtin_stdp,512,10.0,0.1,50.0,64,2000,12.59390243902439,10.892156862745098,1.1290368126777566,10.297741258051246,nan,nan,nan,nan
20260916_123823,nestml_neuron_nestml_stdp,512,10.0,0.1,50.0,64,2000,10.265853658536585,9.77450980392157,0.9911867625047809,69.29843367496505,nan,nan,nan,nan
20260916_130235,builtin_neuron_builtin_stdp,2048,10.0,0.1,50.0,128,2000,9.161782661782661,8.923170731707318,1.2491028972360567,32.91708231205121,nan,nan,nan,nan
20260916_131535,nestml_neuron_nestml_stdp,2048,10.0,0.1,50.0,128,2000,4.583333333333333,4.6451219512195125,0.9046378558707354,768.5431231069379,nan,nan,nan,nan
