timestamp,implementation,use_static_synapses,use_exp_luts,N,g,p_conn,rate_ext_input,neurons_per_core,poisson_generators_per_core,t_sim,exc_firing_rate,inh_firing_rate,cv,execution_time
20260922_122126,builtin,False,,512,10.0,0.1,50.0,32,32,1000,6.385365853658537,7.284313725490196,0.7808376705399479,10.113511519972235
20260922_122317,nestml,False,True,512,10.0,0.1,50.0,32,32,1000,6.6292682926829265,6.96078431372549,0.7658582389890415,103.43167308531702
20260922_122828,nestml,False,False,512,10.0,0.1,50.0,32,32,1000,6.787804878048781,7.1568627450980395,0.8241700291582822,87.48261091206223
20260922_125122,builtin,False,,256,10.0,0.1,50.0,32,32,1000,5.4487804878048784,5.1568627450980395,0.7512432350072826,8.523195133078843
20260922_125158,nestml,False,True,256,10.0,0.1,50.0,32,32,1000,7.263414634146342,6.431372549019608,0.758192269844412,28.432087207213044
20260922_125519,nestml,False,False,256,10.0,0.1,50.0,32,32,1000,9.175609756097561,7.745098039215686,0.8685745950788119,29.908478803001344
20260922_125759,builtin,False,,128,10.0,0.1,50.0,32,32,1000,2.7941176470588234,2.269230769230769,0.5833571220971503,7.907023334875703
20260922_125817,nestml,False,True,128,10.0,0.1,50.0,32,32,1000,2.9215686274509802,2.5,0.6168060494219172,12.877817146014422
20260922_130128,nestml,False,False,128,10.0,0.1,50.0,32,32,1000,3.0588235294117645,2.6153846153846154,0.6470342846653508,13.292130435351282
20260922_130644,builtin,False,,512,10.0,0.1,50.0,32,32,1000,6.385365853658537,7.284313725490196,0.7808376705399479,9.825375925283879
20260922_130818,nestml,False,True,512,10.0,0.1,50.0,32,32,1000,7.265853658536585,7.205882352941177,0.8128934177199162,86.60016489820555
20260922_131200,nestml,False,False,512,10.0,0.1,50.0,32,32,1000,6.697560975609756,6.931372549019608,0.8246932112390796,88.01570089487359
20260922_131426,builtin,False,,256,10.0,0.1,50.0,32,32,1000,5.4487804878048784,5.1568627450980395,0.7512432350072826,8.370186090003699
20260922_131502,nestml,False,True,256,10.0,0.1,50.0,32,32,1000,7.458536585365854,6.901960784313726,0.8579236266432945,29.14257327420637
20260922_131735,nestml,False,False,256,10.0,0.1,50.0,32,32,1000,6.741463414634146,5.980392156862745,0.8882960507751452,31.308676873799413
20260922_132004,builtin,False,,128,10.0,0.1,50.0,32,32,1000,2.7941176470588234,2.269230769230769,0.5833571220971503,7.855839024763554
20260922_132021,nestml,False,True,128,10.0,0.1,50.0,32,32,1000,2.9705882352941178,2.576923076923077,0.6626072076792273,12.50009001698345
20260922_132251,nestml,False,False,128,10.0,0.1,50.0,32,32,1000,2.9901960784313726,2.769230769230769,0.6354450473820316,12.663346767891198
20260922_133932,builtin,False,,256,10.0,0.1,50.0,16,16,1000,4.863414634146341,4.823529411764706,0.7142341423773562,9.47909418400377
20260922_134019,nestml,False,True,256,10.0,0.1,50.0,16,16,1000,5.819512195121951,5.823529411764706,0.705180228799522,37.600407051853836
20260922_134341,nestml,False,False,256,10.0,0.1,50.0,16,16,1000,4.287804878048781,4.333333333333333,0.6969251593079961,54.5163255520165
20260922_134844,builtin,False,,128,10.0,0.1,50.0,16,16,1000,2.6666666666666665,2.6153846153846154,0.6143390225268778,8.09334133984521
20260922_134859,nestml,False,True,128,10.0,0.1,50.0,16,16,1000,2.6862745098039214,2.423076923076923,0.5995999996675574,9.767742094118148
20260922_135111,nestml,False,False,128,10.0,0.1,50.0,16,16,1000,2.5686274509803924,2.230769230769231,0.5823207526284626,10.181406490970403
20260922_145148,builtin,False,,512,10.0,0.1,50.0,32,32,1000,9.826829268292682,9.92156862745098,0.9044123176760928,9.58262855000794
20260922_145321,nestml,False,True,512,10.0,0.1,50.0,32,32,1000,14.351219512195122,12.205882352941176,1.0486450039481359,86.21996518131346
20260922_145641,nestml,False,False,512,10.0,0.1,50.0,32,32,1000,8.902439024390244,8.852941176470589,0.9590595782783852,86.37493160692975
20260922_145851,builtin,False,,256,10.0,0.1,50.0,32,32,1000,5.2,5.215686274509804,0.6920622914759911,8.403699907008559
20260922_145926,nestml,False,True,256,10.0,0.1,50.0,32,32,1000,3.502439024390244,4.098039215686274,0.6193596528733929,28.30235352786258
20260922_150148,nestml,False,False,256,10.0,0.1,50.0,32,32,1000,3.995121951219512,4.568627450980392,0.7379505453345236,29.196694449987262
