timestamp,implementation,use_static_synapses,use_exp_luts,N,g,p_conn,rate_ext_input,neurons_per_core,poisson_generators_per_core,t_sim,core_count,mean_core_activity_percent,sum_core_activity_percent
20260924_025833,builtin,False,,256,10.0,0.1,50.0,32,32,1000,18,3.6264888888888884,65.2768
20260924_025908,nestml,False,True,256,10.0,0.1,50.0,32,32,1000,18,4.470066666666667,80.4612
20260924_030116,builtin,False,,256,10.0,0.1,50.0,32,32,1000,18,3.6270888888888897,65.2876
20260924_030151,nestml,False,True,256,10.0,0.1,50.0,32,32,1000,18,4.446511111111111,80.03719999999998
20260924_030418,builtin,False,,256,10.0,0.1,50.0,32,32,1000,18,3.626622222222222,65.27919999999999
20260924_030453,nestml,False,True,256,10.0,0.1,50.0,32,32,1000,18,4.662155555555555,83.91879999999999
20260924_030700,builtin,False,,256,10.0,0.1,50.0,32,32,1000,18,3.626000000000001,65.26800000000001
20260924_030737,nestml,False,True,256,10.0,0.1,50.0,32,32,1000,18,4.588133333333334,82.5864
20260924_030945,builtin,False,,256,10.0,0.1,50.0,32,32,1000,18,3.6262444444444446,65.2724
20260924_031019,nestml,False,True,256,10.0,0.1,50.0,32,32,1000,18,4.471511111111111,80.4872
20260924_031222,builtin,False,,256,10.0,0.1,50.0,32,32,1000,18,3.6262000000000003,65.2716
20260924_031256,nestml,False,True,256,10.0,0.1,50.0,32,32,1000,18,4.781711111111111,86.07079999999999
20260924_031459,builtin,False,,256,10.0,0.1,50.0,32,32,1000,18,3.626733333333334,65.2812
20260924_031534,nestml,False,True,256,10.0,0.1,50.0,32,32,1000,18,4.344222222222223,78.196
20260924_031738,builtin,False,,256,10.0,0.1,50.0,32,32,1000,18,3.627488888888889,65.29480000000001
20260924_031812,nestml,False,True,256,10.0,0.1,50.0,32,32,1000,18,4.555466666666667,81.99839999999999
20260924_032016,builtin,False,,256,10.0,0.1,50.0,32,32,1000,18,3.627844444444445,65.30120000000001
20260924_032050,nestml,False,True,256,10.0,0.1,50.0,32,32,1000,18,4.545733333333334,81.8232
20260924_032312,builtin,False,,256,10.0,0.1,50.0,32,32,1000,18,3.627666666666667,65.298
20260924_032347,nestml,False,True,256,10.0,0.1,50.0,32,32,1000,18,4.311666666666666,77.60999999999999
20260924_032615,nestml,False,False,256,10.0,0.1,50.0,32,32,1000,18,6.508777777777777,117.15799999999999
20260924_032839,nestml,False,False,256,10.0,0.1,50.0,32,32,1000,18,6.213911111111112,111.85040000000001
20260924_033106,nestml,False,False,256,10.0,0.1,50.0,32,32,1000,18,7.381777777777779,132.872
20260924_033333,nestml,False,False,256,10.0,0.1,50.0,32,32,1000,18,6.714066666666667,120.8532
20260924_033555,nestml,False,False,256,10.0,0.1,50.0,32,32,1000,18,6.889911111111112,124.0184
20260924_033815,nestml,False,False,256,10.0,0.1,50.0,32,32,1000,18,7.069911111111112,127.25840000000001
20260924_034035,nestml,False,False,256,10.0,0.1,50.0,32,32,1000,18,6.400311111111112,115.2056
20260924_034314,nestml,False,False,256,10.0,0.1,50.0,32,32,1000,18,7.262066666666666,130.7172
20260924_034535,nestml,False,False,256,10.0,0.1,50.0,32,32,1000,18,6.866422222222223,123.59559999999999
20260924_034756,nestml,False,False,256,10.0,0.1,50.0,32,32,1000,18,7.694244444444444,138.49640000000002
