timestamp,implementation,use_static_synapses,use_exp_luts,N,g,p_conn,rate_ext_input,neurons_per_core,poisson_generators_per_core,t_sim,cores_used,active_cores,execution_time_s,execution_energy_J,execution_energy_active_only_J,execution_energy_ignoring_frame_J,mapping_time_s,mapping_energy_J,data_spec_time_s,data_spec_energy_J,saving_time_s,saving_energy_J,other_time_s,other_energy_J,total_energy_J
20260924_025833,builtin,False,,256,10.0,0.1,50.0,32,32,1000,27,18,1.0,3.6331595,1.1231594999999999,3.6331595,1.635639,5.82287484,3.589046,12.923184006,0.5837100000000001,2.4153919800000003,22.430443000000004,79.85237708000001,104.64698740600001
20260924_025908,nestml,False,True,256,10.0,0.1,50.0,32,32,1000,27,18,1.0,3.64617028,1.1361702799999998,3.64617028,1.5540610000000001,5.532457160000001,23.711032999999997,93.682231594,0.557019,2.3049446220000003,20.215872,71.96850432000001,177.134307976
20260924_030116,builtin,False,,256,10.0,0.1,50.0,32,32,1000,27,18,1.0,3.6333125,1.1233125,3.6333125,1.663037,5.920411720000001,3.5856779999999997,12.897856575999999,0.643719,2.663709222,5.328443999999999,18.969260639999998,44.084550658
20260924_030151,nestml,False,True,256,10.0,0.1,50.0,32,32,1000,27,18,1.0,3.64571808,1.1357180799999997,3.64571808,1.4837749999999998,5.282239,24.255441000000005,95.57349278000001,0.610851,2.5277014380000002,20.333638,72.38775128,179.41690257800002
20260924_030418,builtin,False,,256,10.0,0.1,50.0,32,32,1000,27,18,1.0,3.6332683,1.1232682999999999,3.6332683,1.793075,6.383347,3.640779,13.099097334,0.64374,2.66379612,5.478926,19.504976560000003,45.284485314
20260924_030453,nestml,False,True,256,10.0,0.1,50.0,32,32,1000,27,18,1.0,3.64914426,1.13914426,3.64914426,1.531078,5.45063768,23.820600000000002,93.96272327800003,0.565678,2.3407755640000003,20.107088999999995,71.58123683999999,176.984517622
20260924_030700,builtin,False,,256,10.0,0.1,50.0,32,32,1000,27,18,1.0,3.6332941400000003,1.1232941399999998,3.6332941400000003,1.9330049999999999,6.8814978,3.7183219999999997,13.384721515999999,0.5921799999999999,2.4504408399999997,4.048917,14.41414452,40.764098816
20260924_030737,nestml,False,True,256,10.0,0.1,50.0,32,32,1000,27,18,1.0,3.64801648,1.1380164799999999,3.64801648,1.6957719999999998,6.03694832,25.588572000000003,100.49748915,0.573667,2.3738340460000003,20.571122,73.23319432,185.789482316
20260924_030945,builtin,False,,256,10.0,0.1,50.0,32,32,1000,27,18,1.0,3.63318058,1.1231805799999999,3.63318058,1.5715599999999998,5.5947536,3.624904,13.050252394000001,0.580249,2.401070362,5.05441,17.9936996,42.672956536
20260924_031019,nestml,False,True,256,10.0,0.1,50.0,32,32,1000,27,18,1.0,3.6460822200000003,1.1360822199999998,3.6460822200000003,1.5124490000000002,5.38431844,23.717548,93.641870426,0.610418,2.525909684,20.115461,71.61104116,176.80922192999998
20260924_031222,builtin,False,,256,10.0,0.1,50.0,32,32,1000,27,18,1.0,3.63313468,1.12313468,3.63313468,1.725102,6.141363119999999,3.5718569999999996,12.854530919999998,0.597908,2.474143304,5.059498999999999,18.011816439999997,43.11498846399999
20260924_031256,nestml,False,True,256,10.0,0.1,50.0,32,32,1000,27,18,1.0,3.6508446,1.1408445999999999,3.6508446,1.663972,5.92374032,24.106028000000002,95.11408739800001,0.573342,2.372489196,20.380526,72.55467256,179.61583407400002
20260924_031459,builtin,False,,256,10.0,0.1,50.0,32,32,1000,27,18,1.0,3.6331799,1.1231798999999998,3.6331799,1.628967,5.79912252,3.69431,13.293117198000001,0.62517,2.58695346,5.312097,18.91106532,44.223438398
20260924_031534,nestml,False,True,256,10.0,0.1,50.0,32,32,1000,27,18,1.0,3.64416292,1.1341629199999999,3.64416292,1.52387,5.424977200000001,23.704959000000002,93.51747339,0.562933,2.3294167540000004,20.028226000000004,71.30048456000002,176.216514824
20260924_031738,builtin,False,,256,10.0,0.1,50.0,32,32,1000,27,18,1.0,3.63331046,1.12331046,3.63331046,1.476689,5.25701284,3.69669,13.310785977999998,0.57905,2.3961088999999998,5.3430979999999995,19.02142888,43.61864705799999
20260924_031812,nestml,False,True,256,10.0,0.1,50.0,32,32,1000,27,18,1.0,3.64740482,1.1374048199999998,3.64740482,1.566853,5.57799668,23.476622,92.65185406,0.57468,2.37802584,19.899389000000003,70.84182484000002,175.09710624000002
20260924_032016,builtin,False,,256,10.0,0.1,50.0,32,32,1000,27,18,1.0,3.6331935,1.1231934999999997,3.6331935,1.636514,5.82598984,3.6988309999999998,13.314042881999999,0.651432,2.695625616,5.5477539999999985,19.750004239999996,45.218856077999995
20260924_032050,nestml,False,True,256,10.0,0.1,50.0,32,32,1000,27,18,1.0,3.64724672,1.1372467199999998,3.64724672,1.61817,5.7606852,23.915506,94.36580091,0.55384,2.2917899200000003,20.203500999999996,71.92446355999999,177.98998631
20260924_032312,builtin,False,,256,10.0,0.1,50.0,32,32,1000,27,18,1.0,3.63316494,1.12316494,3.63316494,1.7171109999999998,6.112915159999999,3.6962600000000005,13.358712904,0.572247,2.3679580860000002,5.363747,19.09493932,44.567690410000004
20260924_032347,nestml,False,True,256,10.0,0.1,50.0,32,32,1000,27,18,1.0,3.64377056,1.1337705599999999,3.64377056,1.5608510000000002,5.556629560000001,23.4666,92.554614116,0.583481,2.4144443780000002,19.812051000000004,70.53090156000002,174.70036017400002
20260924_032615,nestml,False,False,256,10.0,0.1,50.0,32,32,1000,27,18,1.0,3.67728572,1.1672857199999997,3.67728572,1.623046,5.77804376,26.845733000000003,105.80253947000003,0.5891609999999999,2.437948218,22.256346000000004,79.23259176000002,196.92840892800007
20260924_032839,nestml,False,False,256,10.0,0.1,50.0,32,32,1000,27,18,1.0,3.67276576,1.1627657599999999,3.67276576,1.680393,5.98219908,25.876530000000002,101.82223806799999,0.584603,2.419087214,21.085204,75.06332624000001,188.95961636200002
20260924_033106,nestml,False,False,256,10.0,0.1,50.0,32,32,1000,27,18,1.0,3.6907456400000003,1.1807456399999998,3.6907456400000003,1.767431,6.29205436,27.813291,109.784983036,0.615973,2.548896274,23.146682999999996,82.40219147999998,204.71887078999998
20260924_033333,nestml,False,False,256,10.0,0.1,50.0,32,32,1000,27,18,1.0,3.6804157600000003,1.1704157599999998,3.6804157600000003,1.684058,5.9952464800000005,26.782118,105.695895828,0.5739270000000001,2.3749099260000004,22.201814000000002,79.03845784,196.78492583400003
20260924_033555,nestml,False,False,256,10.0,0.1,50.0,32,32,1000,27,18,1.0,3.68321362,1.1732136199999998,3.68321362,1.581115,5.6287694,26.286862,104.275952894,0.639199,2.6450054620000003,24.337049999999998,86.63989799999999,202.872839376
20260924_033815,nestml,False,False,256,10.0,0.1,50.0,32,32,1000,27,18,1.0,3.6859496000000003,1.1759495999999998,3.6859496000000003,1.691084,6.02025904,25.323738000000002,99.67452494200002,0.582804,2.411642952,20.962666000000002,74.62709096,186.419467494
20260924_034035,nestml,False,False,256,10.0,0.1,50.0,32,32,1000,27,18,1.0,3.6757224,1.1657224,3.6757224,1.494229,5.31945524,24.384014,96.40869347799999,0.572247,2.3679580860000002,22.283357,79.32875091999999,187.10058012399998
20260924_034314,nestml,False,False,256,10.0,0.1,50.0,32,32,1000,27,18,1.0,3.6889144000000003,1.1789143999999998,3.6889144000000003,1.6275819999999999,5.794191919999999,25.685840999999996,101.64740065,0.575082,2.3796893160000003,23.586557000000003,83.96814292,197.478339206
20260924_034535,nestml,False,False,256,10.0,0.1,50.0,32,32,1000,27,18,1.0,3.6827332,1.1727332,3.6827332,1.7269829999999997,6.148059479999999,24.927169,98.59350153600002,0.625805,2.58958109,22.9322,81.638632,192.65250730600002
20260924_034756,nestml,False,False,256,10.0,0.1,50.0,32,32,1000,27,18,1.0,3.6954182600000003,1.1854182599999998,3.6954182600000003,1.679783,5.98002748,24.591789,97.239596484,0.577076,2.3879404880000004,22.576102999999996,80.37092667999998,189.67390939199998
