source,target
0,9
0,18
0,19
0,21
0,24
1,19
2,2
2,13
2,15
2,20
3,11
3,15
3,16
4,10
5,2
6,3
6,15
6,16
6,21
7,1
8,4
8,10
8,11
8,18
8,22
8,23
8,24
9,8
10,5
10,16
10,20
10,23
10,24
11,0
11,5
11,16
12,15
12,18
12,21
12,23
13,13
13,18
13,20
14,5
14,11
14,13
14,17
14,22
15,0
15,8
16,0
17,17
17,19
18,6
18,12
18,16
19,5
20,10
20,15
20,17
20,20
21,14
21,16
22,11
22,20
23,0
23,23
24,8
24,11
24,14
24,15
24,23
25,10
25,13
26,8
26,22
27,1
27,4
27,11
27,14
27,15
28,21
28,24
29,12
29,13
30,2
30,19
30,20
31,1
31,2
31,3
31,5
31,14
31,17
32,2
32,4
32,15
32,16
33,3
34,8
34,21
35,1
35,6
35,11
35,15
35,17
35,20
36,1
36,4
37,2
37,8
37,14
38,0
38,2
38,6
38,13
38,15
38,20
39,7
39,9
40,12
40,21
41,3
41,4
41,6
41,14
41,16
41,21
42,7
42,17
42,21
44,1
44,5
44,15
44,17
45,5
45,9
45,14
45,24
46,1
46,21
46,22
47,9
47,13
47,20
47,22
47,23
48,2
48,6
48,12
49,0
49,1
50,12
50,19
51,6
51,23
52,5
53,24
54,22
55,3
55,12
55,15
55,16
55,19
56,21
57,1
57,6
57,14
57,17
57,19
57,20
58,4
58,6
58,15
58,19
59,5
59,15
60,1
60,14
60,23
60,24
61,4
62,6
62,7
62,10
64,5
65,1
65,9
65,14
66,10
66,18
66,21
67,4
68,3
68,13
68,19
69,0
69,10
69,11
69,17
70,8
70,9
70,12
70,13
70,16
70,17
71,3
71,4
71,5
71,11
72,0
72,12
72,13
73,24
74,14
75,3
75,15
75,23
76,1
76,21
77,15
77,18
77,22
78,22
79,25
80,3
80,5
80,10
80,20
80,22
81,17
81,18
81,20
81,25
82,9
82,12
82,15
82,18
82,23
82,24
83,5
84,17
85,16
85,19
85,20
86,1
86,9
86,22
87,9
88,16
89,0
89,4
89,8
89,21
90,7
90,9
90,23
91,18
91,20
92,1
92,3
92,9
92,11
92,12
92,22
93,4
93,13
93,15
93,25
94,14
94,18
96,11
96,12
96,19
96,20
97,4
97,21
98,4
98,12
98,19
99,4
100,12
100,21
101,5
101,10
101,23
