timestamp,time_step,time_constant,shift,strategy,fractional_bits,storage_bits,lut_length,mse,rmse,mae,max_absolute_error,mean_relative_error,max_relative_error,memory_bytes,memory_kb,is_builtin_reference
2026-10-08T10:33:55,1.0,20.0,0,floor,4,8,56,0.001168417441994565,0.0341821216719291,0.029148336509725987,0.059956428252981905,0.14132498639251825,0.4896143804645218,56,0.0546875,False
2026-10-08T10:33:55,1.0,20.0,0,floor,5,8,70,0.00028386410536469043,0.016848267132399414,0.01442849022456745,0.029837418035959518,0.11390710352587745,0.4861047884032171,70,0.068359375,False
2026-10-08T10:33:55,1.0,20.0,0,floor,6,8,84,7.222644336071825e-05,0.008498614202369598,0.007177912967610159,0.015581666001153127,0.09554548858114471,0.4825710631454326,84,0.08203125,False
2026-10-08T10:33:55,1.0,20.0,0,floor,7,8,98,1.7765346221150667e-05,0.004214895754482033,0.003586535856889891,0.007769166001153127,0.08047840820202798,0.47901303874277223,98,0.095703125,False
2026-10-08T10:33:55,1.0,20.0,0,floor,4,16,56,0.001168417441994565,0.0341821216719291,0.029148336509725987,0.059956428252981905,0.14132498639251825,0.4896143804645218,112,0.109375,False
2026-10-08T10:33:55,1.0,20.0,0,floor,5,16,70,0.00028386410536469043,0.016848267132399414,0.01442849022456745,0.029837418035959518,0.11390710352587745,0.4861047884032171,140,0.13671875,False
2026-10-08T10:33:55,1.0,20.0,0,floor,6,16,84,7.222644336071825e-05,0.008498614202369598,0.007177912967610159,0.015581666001153127,0.09554548858114471,0.4825710631454326,168,0.1640625,False
2026-10-08T10:33:55,1.0,20.0,0,floor,7,16,98,1.7765346221150667e-05,0.004214895754482033,0.003586535856889891,0.007769166001153127,0.08047840820202798,0.47901303874277223,196,0.19140625,False
2026-10-08T10:33:55,1.0,20.0,0,floor,8,16,112,4.299128625399296e-06,0.0020734340176140876,0.0017318739263790573,0.003887457243476127,0.08241972615634577,1.0,224,0.21875,False
2026-10-08T10:33:55,1.0,20.0,0,floor,9,16,126,1.2652650188953993e-06,0.0011248399970197535,0.0009588211840132927,0.0019366360940263894,0.07796402846153029,1.0,252,0.24609375,False
2026-10-08T10:33:55,1.0,20.0,0,floor,10,16,140,3.3368136272900745e-07,0.0005776515928559424,0.0005030717923009561,0.0009600735940263894,0.07107111095133622,1.0,280,0.2734375,False
2026-10-08T10:33:55,1.0,20.0,0,floor,11,16,154,8.396185494086353e-08,0.00028976172097235954,0.0002521231273726684,0.000483924391140908,0.06316009155027544,1.0,308,0.30078125,True
2026-10-08T10:33:55,1.0,20.0,0,floor,12,16,168,1.942769815346229e-08,0.000139383277883189,0.00012087934010163387,0.00023978376614090802,0.05574391982097284,1.0,336,0.328125,False
2026-10-08T10:33:55,1.0,20.0,0,floor,13,16,182,4.849595220339742e-09,6.963903517668623e-05,5.9945504736393905e-05,0.00012204969261266595,0.05000880182486099,1.0,364,0.35546875,False
2026-10-08T10:33:55,1.0,20.0,0,floor,14,16,196,1.1423039149891419e-09,3.3797986848171026e-05,2.8847020191702345e-05,6.101453636266595e-05,0.04593388338401499,1.0,392,0.3828125,False
2026-10-08T10:33:55,1.0,20.0,0,floor,15,16,208,2.6738843911119363e-10,1.6352016362247002e-05,1.3950150129139936e-05,3.051294497214205e-05,0.039352910610612114,0.4764944821383367,416,0.40625,False
2026-10-08T10:33:55,1.0,20.0,0,floor,4,32,56,0.001168417441994565,0.0341821216719291,0.029148336509725987,0.059956428252981905,0.14132498639251825,0.4896143804645218,224,0.21875,False
2026-10-08T10:33:55,1.0,20.0,0,floor,5,32,70,0.00028386410536469043,0.016848267132399414,0.01442849022456745,0.029837418035959518,0.11390710352587745,0.4861047884032171,280,0.2734375,False
2026-10-08T10:33:55,1.0,20.0,0,floor,6,32,84,7.222644336071825e-05,0.008498614202369598,0.007177912967610159,0.015581666001153127,0.09554548858114471,0.4825710631454326,336,0.328125,False
2026-10-08T10:33:55,1.0,20.0,0,floor,7,32,98,1.7765346221150667e-05,0.004214895754482033,0.003586535856889891,0.007769166001153127,0.08047840820202798,0.47901303874277223,392,0.3828125,False
2026-10-08T10:33:55,1.0,20.0,0,floor,8,32,112,4.299128625399296e-06,0.0020734340176140876,0.0017318739263790573,0.003887457243476127,0.08241972615634577,1.0,448,0.4375,False
2026-10-08T10:33:55,1.0,20.0,0,floor,9,32,126,1.2652650188953993e-06,0.0011248399970197535,0.0009588211840132927,0.0019366360940263894,0.07796402846153029,1.0,504,0.4921875,False
2026-10-08T10:33:55,1.0,20.0,0,floor,10,32,140,3.3368136272900745e-07,0.0005776515928559424,0.0005030717923009561,0.0009600735940263894,0.07107111095133622,1.0,560,0.546875,False
2026-10-08T10:33:55,1.0,20.0,0,floor,11,32,154,8.396185494086353e-08,0.00028976172097235954,0.0002521231273726684,0.000483924391140908,0.06316009155027544,1.0,616,0.6015625,False
2026-10-08T10:33:55,1.0,20.0,0,floor,12,32,168,1.942769815346229e-08,0.000139383277883189,0.00012087934010163387,0.00023978376614090802,0.05574391982097284,1.0,672,0.65625,False
2026-10-08T10:33:55,1.0,20.0,0,floor,13,32,182,4.849595220339742e-09,6.963903517668623e-05,5.9945504736393905e-05,0.00012204969261266595,0.05000880182486099,1.0,728,0.7109375,False
2026-10-08T10:33:55,1.0,20.0,0,floor,14,32,196,1.1423039149891419e-09,3.3797986848171026e-05,2.8847020191702345e-05,6.101453636266595e-05,0.04593388338401499,1.0,784,0.765625,False
2026-10-08T10:33:55,1.0,20.0,0,floor,15,32,208,2.6738843911119363e-10,1.6352016362247002e-05,1.3950150129139936e-05,3.051294497214205e-05,0.039352910610612114,0.4764944821383367,832,0.8125,False
2026-10-08T10:33:55,1.0,20.0,0,floor,16,32,222,7.20991094632454e-11,8.491119447001402e-06,7.199669733956669e-06,1.5254155909642049e-05,0.04004756996967717,0.49860190316096,888,0.8671875,False
2026-10-08T10:33:55,1.0,20.0,0,round,4,8,56,0.00031528553276002745,0.017756281501486382,0.015498225961973396,0.03093034025940089,0.08104369270793756,0.31105147620989965,56,0.0546875,False
2026-10-08T10:33:55,1.0,20.0,0,round,5,8,70,8.707335930786956e-05,0.009331310696138542,0.008131186350749183,0.015581666001153127,0.0678258696738987,0.3197090264087886,70,0.068359375,False
2026-10-08T10:33:55,1.0,20.0,0,round,6,8,84,1.9299735645101133e-05,0.004393146440206738,0.0037906036738106644,0.007732254143990893,0.056951633199022,0.32878381250196204,84,0.08203125,False
2026-10-08T10:33:55,1.0,20.0,0,round,7,8,98,5.324909079655735e-06,0.0023075764515299887,0.0019941599027785395,0.003886222447292559,0.04927165389049581,0.33103949998280785,98,0.095703125,False
2026-10-08T10:33:55,1.0,20.0,0,round,4,16,56,0.00031528553276002745,0.017756281501486382,0.015498225961973396,0.03093034025940089,0.08104369270793756,0.31105147620989965,112,0.109375,False
2026-10-08T10:33:55,1.0,20.0,0,round,5,16,70,8.707335930786956e-05,0.009331310696138542,0.008131186350749183,0.015581666001153127,0.0678258696738987,0.3197090264087886,140,0.13671875,False
2026-10-08T10:33:55,1.0,20.0,0,round,6,16,84,1.9299735645101133e-05,0.004393146440206738,0.0037906036738106644,0.007732254143990893,0.056951633199022,0.32878381250196204,168,0.1640625,False
2026-10-08T10:33:55,1.0,20.0,0,round,7,16,98,5.324909079655735e-06,0.0023075764515299887,0.0019941599027785395,0.003886222447292559,0.04927165389049581,0.33103949998280785,196,0.19140625,False
2026-10-08T10:33:55,1.0,20.0,0,round,8,16,112,1.2540835569144767e-06,0.001119858721854894,0.0009523423888469437,0.0019366360940263894,0.04241978731652459,0.32643949094978775,224,0.21875,False
2026-10-08T10:33:55,1.0,20.0,0,round,9,16,126,2.916027671089433e-07,0.0005400025621318322,0.00046030611109862727,0.0009659586863723923,0.037689768799985306,0.32180785062747114,252,0.24609375,False
2026-10-08T10:33:55,1.0,20.0,0,round,10,16,140,7.920756984488812e-08,0.00028143839440433163,0.0002424906283876178,0.0004850087085905286,0.034265095077508266,0.31714436150792397,280,0.2734375,False
2026-10-08T10:33:55,1.0,20.0,0,round,11,16,154,1.8895705115898742e-08,0.00013746164961871634,0.00011886765253114046,0.00024080982094788154,0.031757414067361996,0.312448804587551,308,0.30078125,False
2026-10-08T10:33:55,1.0,20.0,0,round,12,16,168,5.1365531668700316e-09,7.166975071025455e-05,6.234281023655199e-05,0.00012204969261266595,0.029419694235247224,0.3170323868498584,336,0.328125,False
2026-10-08T10:33:55,1.0,20.0,0,round,13,16,182,1.2279390586368365e-09,3.5041961398255614e-05,3.0276897459723707e-05,6.0393116243622966e-05,0.02699443470798068,0.3260887674226021,364,0.35546875,False
2026-10-08T10:33:55,1.0,20.0,0,round,14,16,196,3.0308031131239575e-10,1.740920191486088e-05,1.5097180669062535e-05,3.051294497214205e-05,0.025040193663647826,0.3323962885641362,392,0.3828125,False
2026-10-08T10:33:55,1.0,20.0,0,round,15,16,208,8.281313070383746e-11,9.100172015068587e-06,7.90198642324769e-06,1.524709807926598e-05,0.02308225606924345,0.3278056092893458,416,0.40625,False
2026-10-08T10:33:55,1.0,20.0,0,round,4,32,56,0.00031528553276002745,0.017756281501486382,0.015498225961973396,0.03093034025940089,0.08104369270793756,0.31105147620989965,224,0.21875,False
2026-10-08T10:33:55,1.0,20.0,0,round,5,32,70,8.707335930786956e-05,0.009331310696138542,0.008131186350749183,0.015581666001153127,0.0678258696738987,0.3197090264087886,280,0.2734375,False
2026-10-08T10:33:55,1.0,20.0,0,round,6,32,84,1.9299735645101133e-05,0.004393146440206738,0.0037906036738106644,0.007732254143990893,0.056951633199022,0.32878381250196204,336,0.328125,False
2026-10-08T10:33:55,1.0,20.0,0,round,7,32,98,5.324909079655735e-06,0.0023075764515299887,0.0019941599027785395,0.003886222447292559,0.04927165389049581,0.33103949998280785,392,0.3828125,False
2026-10-08T10:33:55,1.0,20.0,0,round,8,32,112,1.2540835569144767e-06,0.001119858721854894,0.0009523423888469437,0.0019366360940263894,0.04241978731652459,0.32643949094978775,448,0.4375,False
2026-10-08T10:33:55,1.0,20.0,0,round,9,32,126,2.916027671089433e-07,0.0005400025621318322,0.00046030611109862727,0.0009659586863723923,0.037689768799985306,0.32180785062747114,504,0.4921875,False
2026-10-08T10:33:55,1.0,20.0,0,round,10,32,140,7.920756984488812e-08,0.00028143839440433163,0.0002424906283876178,0.0004850087085905286,0.034265095077508266,0.31714436150792397,560,0.546875,False
2026-10-08T10:33:55,1.0,20.0,0,round,11,32,154,1.8895705115898742e-08,0.00013746164961871634,0.00011886765253114046,0.00024080982094788154,0.031757414067361996,0.312448804587551,616,0.6015625,False
2026-10-08T10:33:55,1.0,20.0,0,round,12,32,168,5.1365531668700316e-09,7.166975071025455e-05,6.234281023655199e-05,0.00012204969261266595,0.029419694235247224,0.3170323868498584,672,0.65625,False
2026-10-08T10:33:55,1.0,20.0,0,round,13,32,182,1.2279390586368365e-09,3.5041961398255614e-05,3.0276897459723707e-05,6.0393116243622966e-05,0.02699443470798068,0.3260887674226021,728,0.7109375,False
2026-10-08T10:33:55,1.0,20.0,0,round,14,32,196,3.0308031131239575e-10,1.740920191486088e-05,1.5097180669062535e-05,3.051294497214205e-05,0.025040193663647826,0.3323962885641362,784,0.765625,False
2026-10-08T10:33:55,1.0,20.0,0,round,15,32,208,8.281313070383746e-11,9.100172015068587e-06,7.90198642324769e-06,1.524709807926598e-05,0.02308225606924345,0.3278056092893458,832,0.8125,False
2026-10-08T10:33:55,1.0,20.0,0,round,16,32,222,1.945412226171803e-11,4.410682743263001e-06,3.74952785271737e-06,7.598638614422781e-06,0.021395267474475413,0.3231833628799757,888,0.8671875,False
2026-10-08T10:33:55,1.0,20.0,0,ceil,4,8,56,0.0013613709139931017,0.036896760209984586,0.03223559206170258,0.06107213879329243,0.19375867660979137,0.9553289855235215,56,0.0546875,False
2026-10-08T10:33:55,1.0,20.0,0,ceil,5,8,70,0.0003446950734720818,0.018565965460273854,0.01637508120400398,0.03093034025940089,0.16528268308233418,0.9687745192967461,70,0.068359375,False
2026-10-08T10:33:55,1.0,20.0,0,ceil,6,8,84,8.915085211099602e-05,0.009441972892939061,0.008261075127627936,0.015485583515145514,0.14257897885576862,0.9823125093163544,84,0.08203125,False
2026-10-08T10:33:55,1.0,20.0,0,ceil,7,8,98,2.2138071990409382e-05,0.004705111262277374,0.004146244755355006,0.0077966224507742335,0.12668884744202924,0.9959435913442022,98,0.095703125,False
2026-10-08T10:33:55,1.0,20.0,0,ceil,4,16,56,0.0013613709139931017,0.036896760209984586,0.03223559206170258,0.06107213879329243,0.19375867660979137,0.9553289855235215,112,0.109375,False
2026-10-08T10:33:55,1.0,20.0,0,ceil,5,16,70,0.0003446950734720818,0.018565965460273854,0.01637508120400398,0.03093034025940089,0.16528268308233418,0.9687745192967461,140,0.13671875,False
2026-10-08T10:33:55,1.0,20.0,0,ceil,6,16,84,8.915085211099602e-05,0.009441972892939061,0.008261075127627936,0.015485583515145514,0.14257897885576862,0.9823125093163544,168,0.1640625,False
2026-10-08T10:33:55,1.0,20.0,0,ceil,7,16,98,2.2138071990409382e-05,0.004705111262277374,0.004146244755355006,0.0077966224507742335,0.12668884744202924,0.9959435913442022,196,0.19140625,False
2026-10-08T10:33:55,1.0,20.0,0,ceil,8,16,112,5.891413450004874e-06,0.002427223403398392,0.0021394988414780857,0.0038903724507742335,0.10082307197661622,0.911655720814222,224,0.21875,False
2026-10-08T10:33:55,1.0,20.0,0,ceil,9,16,126,1.3042916593444666e-06,0.001142055891515151,0.0009788028239232152,0.0019372474507742335,0.08636070238001814,0.9248009417705326,252,0.24609375,False
2026-10-08T10:33:55,1.0,20.0,0,ceil,10,16,140,2.979816253945509e-07,0.0005458769324623921,0.0004665152612704726,0.0009659586863723923,0.07798309899085337,0.9380365539160668,280,0.2734375,False
2026-10-08T10:33:55,1.0,20.0,0,ceil,11,16,154,7.461826987598599e-08,0.0002731634490117336,0.00023298746515979914,0.0004850087085905286,0.07334141369368377,0.9513631788126163,308,0.30078125,False
2026-10-08T10:33:55,1.0,20.0,0,ceil,12,16,168,1.9654438092617533e-08,0.0001401942869471418,0.00012180806689241375,0.00024086808359052858,0.07027308004885077,0.9647814422960511,336,0.328125,False
2026-10-08T10:33:55,1.0,20.0,0,ceil,13,16,182,5.033748909849622e-09,7.094891760872482e-05,6.145409176085884e-05,0.00012177630407566187,0.06712840501615253,0.9782919745057088,364,0.35546875,False
2026-10-08T10:33:55,1.0,20.0,0,ceil,14,16,196,1.327222860800723e-09,3.6431069992531415e-05,3.187673219987929e-05,6.0786817446777976e-05,0.0635907958075298,0.9918954099139955,392,0.3828125,False
2026-10-08T10:33:55,1.0,20.0,0,ceil,15,16,208,3.4278390850569944e-10,1.8514424336330294e-05,1.64207088702591e-05,3.049088109279008e-05,0.054676311421153194,0.9077784924078153,416,0.40625,False
2026-10-08T10:33:55,1.0,20.0,0,ceil,4,32,56,0.0013613709139931017,0.036896760209984586,0.03223559206170258,0.06107213879329243,0.19375867660979137,0.9553289855235215,224,0.21875,False
2026-10-08T10:33:55,1.0,20.0,0,ceil,5,32,70,0.0003446950734720818,0.018565965460273854,0.01637508120400398,0.03093034025940089,0.16528268308233418,0.9687745192967461,280,0.2734375,False
2026-10-08T10:33:55,1.0,20.0,0,ceil,6,32,84,8.915085211099602e-05,0.009441972892939061,0.008261075127627936,0.015485583515145514,0.14257897885576862,0.9823125093163544,336,0.328125,False
2026-10-08T10:33:55,1.0,20.0,0,ceil,7,32,98,2.2138071990409382e-05,0.004705111262277374,0.004146244755355006,0.0077966224507742335,0.12668884744202924,0.9959435913442022,392,0.3828125,False
2026-10-08T10:33:55,1.0,20.0,0,ceil,8,32,112,5.891413450004874e-06,0.002427223403398392,0.0021394988414780857,0.0038903724507742335,0.10082307197661622,0.911655720814222,448,0.4375,False
2026-10-08T10:33:55,1.0,20.0,0,ceil,9,32,126,1.3042916593444666e-06,0.001142055891515151,0.0009788028239232152,0.0019372474507742335,0.08636070238001814,0.9248009417705326,504,0.4921875,False
2026-10-08T10:33:55,1.0,20.0,0,ceil,10,32,140,2.979816253945509e-07,0.0005458769324623921,0.0004665152612704726,0.0009659586863723923,0.07798309899085337,0.9380365539160668,560,0.546875,False
2026-10-08T10:33:55,1.0,20.0,0,ceil,11,32,154,7.461826987598599e-08,0.0002731634490117336,0.00023298746515979914,0.0004850087085905286,0.07334141369368377,0.9513631788126163,616,0.6015625,False
2026-10-08T10:33:55,1.0,20.0,0,ceil,12,32,168,1.9654438092617533e-08,0.0001401942869471418,0.00012180806689241375,0.00024086808359052858,0.07027308004885077,0.9647814422960511,672,0.65625,False
2026-10-08T10:33:55,1.0,20.0,0,ceil,13,32,182,5.033748909849622e-09,7.094891760872482e-05,6.145409176085884e-05,0.00012177630407566187,0.06712840501615253,0.9782919745057088,728,0.7109375,False
2026-10-08T10:33:55,1.0,20.0,0,ceil,14,32,196,1.327222860800723e-09,3.6431069992531415e-05,3.187673219987929e-05,6.0786817446777976e-05,0.0635907958075298,0.9918954099139955,784,0.765625,False
2026-10-08T10:33:55,1.0,20.0,0,ceil,15,32,208,3.4278390850569944e-10,1.8514424336330294e-05,1.64207088702591e-05,3.049088109279008e-05,0.054676311421153194,0.9077784924078153,832,0.8125,False
2026-10-08T10:33:55,1.0,20.0,0,ceil,16,32,222,8.416448285376888e-11,9.174120276831391e-06,7.990386044478016e-06,1.524709807926598e-05,0.048659112994809635,0.9208970521700893,888,0.8671875,False
